id	direction	compartment	gpr	name	enzyme	pathway	reference	equation
rxn12008_c0	<=	c0	AAA023D18.genome.CDS.1276	rxn12008_c0	Unknown	Unknown	None	(1) cpd02557[c0] + (1) cpd00012[c0] <= (1) cpd00113[c0] + (1) cpd02590[c0]
rxn01199_c0	<=>	c0	(AAA023D18.genome.CDS.947) or (AAA023D18.genome.CDS.1016)	ATP:D-xylulose 5-phosphotransferase_c0	Unknown	Unknown	None	(1) cpd00002[c0] + (1) cpd00259[c0] <=> (1) cpd00198[c0] + (1) cpd00008[c0]
rxn10215_c0	=>	c0	AAA023D18.genome.CDS.1331	anteisoheptadecanoyl-1-acylglycerol-3-phosphate O-acyltransferase_c0	Unknown	Unknown	None	(1) cpd15672[c0] + (1) cpd11434[c0] => (1) cpd15678[c0] + (1) cpd00010[c0]
rxn00802_c0	<=>	c0	AAA023D18.genome.CDS.1029	N-(L-Argininosuccinate) arginie-lyase_c0	Unknown	Unknown	None	(1) cpd02152[c0] <=> (1) cpd00106[c0] + (1) cpd00051[c0]
rxn03638_c0	=>	c0	(AAA023D18.genome.CDS.1393) and (AAA023D18.genome.CDS.1393)	Acetyl-CoA:D-glucosamine-1-phosphate N-acetyltransferase_c0	Unknown	Unknown	None	(1) cpd03671[c0] + (1) cpd00022[c0] => (1) cpd00067[c0] + (1) cpd02611[c0] + (1) cpd00010[c0]
rxn06078_c0	=>	c0	AAA023D18.genome.CDS.1524	O-Acetyl-L-homoserine acetate-lyase (adding methanethiol)_c0	Unknown	Unknown	None	(1) cpd00790[c0] + (1) cpd00268[c0] + (1) cpd11421[c0] => (1) cpd11420[c0] + (1) cpd00135[c0] + (1) cpd00081[c0] + (1) cpd00029[c0]
rxn00868_c0	<=	c0	AAA023D18.genome.CDS.1474	Butanoyl-CoA:(acceptor) 2,3-oxidoreductase_c0	Unknown	Unknown	None	(1) cpd00003[c0] + (1) cpd00120[c0] <= (1) cpd00067[c0] + (1) cpd00650[c0] + (1) cpd00004[c0]
rxn12636_c0	<=>	c0	(AAA023D18.genome.CDS.1209) or (AAA023D18.genome.CDS.1140)	aminopeptidase_c0	Unknown	Unknown	None	(1) cpd00067[c0] + (1) cpd00001[c0] + (1) cpd11590[c0] <=> (1) cpd00060[c0] + (1) cpd00035[c0]
rxn12644_c0	<=>	c0	(AAA023D18.genome.CDS.1140) or (AAA023D18.genome.CDS.1209)	aminopeptidase_c0	Unknown	Unknown	None	(1) cpd00001[c0] + (1) cpd11582[c0] <=> (1) cpd00161[c0] + (1) cpd00035[c0]
rxn01387_c0	<=>	c0	AAA023D18.genome.CDS.1173	Isocitrate:NADP+ oxidoreductase (decarboxylating)_c0	Unknown	Unknown	None	(1) cpd00006[c0] + (1) cpd00260[c0] <=> (1) cpd00067[c0] + (1) cpd03187[c0] + (1) cpd00005[c0]
rxn05168_c0	=>	c0	(AAA023D18.genome.CDS.1076) or (AAA023D18.genome.CDS.1074) or ((AAA023D18.genome.CDS.1072) or (AAA023D18.genome.CDS.1194)) or ((AAA023D18.genome.CDS.1193) or (AAA023D18.genome.CDS.1075)) or ((AAA023D18.genome.CDS.1073) or (AAA023D18.genome.CDS.1195))	L-Valine-ABC transport_c0	Unknown	Unknown	None	(1) cpd00002[c0] + (1) cpd00001[c0] + (1) cpd00156[e0] => (1) cpd00067[c0] + (1) cpd00009[c0] + (1) cpd00008[c0] + (1) cpd00156[c0]
rxn03910_c0	<=>	c0	AAA023D18.genome.CDS.1232	2-Phospho-4-(cytidine 5'-diphospho)-2-C-methyl-D-erythritol_c0	Unknown	Unknown	None	(1) cpd08288[c0] <=> (1) cpd08301[c0] + (1) cpd00046[c0]
rxn05616_c0	<=>	c0	AAA023D18.genome.CDS.1124	magnesium transport in/out via permease (no H+)_c0	Unknown	Unknown	None	(1) cpd00254[c0] <=> (1) cpd00254[e0]
rxn08527_c0	<=>	c0	((AAA023D18.genome.CDS.848) and (AAA023D18.genome.CDS.847)) or (AAA023D18.genome.CDS.847)	fumarate reductase_c0	Unknown	Unknown	None	(1) cpd00106[c0] + (1) cpd15499[c0] <=> (1) cpd00036[c0] + (1) cpd15500[c0]
rxn03419_c0	<=>	c0	AAA023D18.genome.CDS.764	Formamidopyrimidine nucleoside triphosphate 7,8-8,9-dihydrolase_c0	Unknown	Unknown	None	(1) cpd00001[c0] + (1) cpd03518[c0] <=> (1) cpd00067[c0] + (1) cpd03519[c0] + (1) cpd00047[c0]
rxn02160_c0	=>	c0	AAA023D18.genome.CDS.980	L-Histidinol-phosphate phosphohydrolase_c0	Unknown	Unknown	None	(1) cpd00001[c0] + (1) cpd00807[c0] => (1) cpd00641[c0] + (1) cpd00067[c0] + (1) cpd00009[c0]
rxn10125_c0	<=>	c0	(AAA023D18.genome.CDS.1375) and ((AAA023D18.genome.CDS.1376) or (AAA023D18.genome.CDS.1377))	NAD(P) transhydrogenase_c0	Unknown	Unknown	None	(2) cpd00067[e0] + (1) cpd00006[c0] + (1) cpd00004[c0] <=> (2) cpd00067[c0] + (1) cpd00003[c0] + (1) cpd00005[c0]
rxn01923_c0	=>	c0	AAA023D18.genome.CDS.1474	2-Methylpropanoyl-CoA:oxygen 2,3-oxidoreductase_c0	Unknown	Unknown	None	(2) cpd00481[c0] + (1) cpd00007[c0] => (2) cpd02187[c0] + (2) cpd00001[c0]
rxn00248_c0	<=>	c0	AAA023D18.genome.CDS.1174	(S)-malate:NAD+ oxidoreductase_c0	Unknown	Unknown	None	(1) cpd00130[c0] + (1) cpd00003[c0] <=> (1) cpd00067[c0] + (1) cpd00032[c0] + (1) cpd00004[c0]
rxn05734_c0	<=>	c0	(AAA023D18.genome.CDS.1514) or (AAA023D18.genome.CDS.1162) or (AAA023D18.genome.CDS.1102) or (AAA023D18.genome.CDS.1161)	aldehyde dehydrogenase (glyoxylate, NAD)_c0	Unknown	Unknown	None	(1) cpd00001[c0] + (1) cpd00040[c0] + (1) cpd00003[c0] <=> (2) cpd00067[c0] + (1) cpd00180[c0] + (1) cpd00004[c0]
rxn05422_c0	<=>	c0	(AAA023D18.genome.CDS.939) or (AAA023D18.genome.CDS.1418) or (AAA023D18.genome.CDS.1100) or (AAA023D18.genome.CDS.940) or (AAA023D18.genome.CDS.926) or (AAA023D18.genome.CDS.1018)	10-methyl-3-oxo-undecanoyl-ACP:NADP+ oxidoreductase_c0	Unknown	Unknown	None	(1) cpd00067[c0] + (1) cpd11558[c0] + (1) cpd00005[c0] <=> (1) cpd00006[c0] + (1) cpd11559[c0]
rxn01258_c0	<=>	c0	(AAA023D18.genome.CDS.1293) or (AAA023D18.genome.CDS.1293)	Chorismate hydroxymutase_c0	Unknown	Unknown	None	(1) cpd00216[c0] <=> (1) cpd00658[c0]
rxn05229_c0	=>	c0	() and (AAA023D18.genome.CDS.1156)	NCAIR synthetase and NCAIR mutase_c0	Unknown	Unknown	None	(1) cpd00002[c0] + (1) cpd02140[c0] + (1) cpd00242[c0] => (1) cpd02893[c0] + (1) cpd00067[c0] + (1) cpd00009[c0] + (1) cpd00008[c0]
rxn12637_c0	<=>	c0	(AAA023D18.genome.CDS.1140) or (AAA023D18.genome.CDS.1209)	aminopeptidase_c0	Unknown	Unknown	None	(1) cpd11589[c0] + (1) cpd00001[c0] <=> (1) cpd00041[c0] + (1) cpd00033[c0]
rxn00952_c0	=>	c0	AAA023D18.genome.CDS.1524	O-Acetyl-L-homoserine acetate-lyase (adding methanethiol)_c0	Unknown	Unknown	None	(1) cpd00790[c0] + (1) cpd00239[c0] => (1) cpd00067[c0] + (1) cpd00135[c0] + (1) cpd00029[c0]
rxn03962_c0	<=>	c0	AAA023D18.genome.CDS.873	GDP-L-fucose:NADP+ 4-oxidoreductase (3,5-epimerizing)_c0	Unknown	Unknown	None	(1) cpd00006[c0] + (1) cpd00272[c0] <=> (1) cpd00067[c0] + (1) cpd00900[c0] + (1) cpd00005[c0]
rxn03909_c0	=>	c0	AAA023D18.genome.CDS.1314	1-Deoxy-D-xylulose-5-phosphate pyruvate-lyase (carboxylating)_c0	Unknown	Unknown	None	(1) cpd00102[c0] + (1) cpd00067[c0] + (1) cpd00020[c0] => (1) cpd08289[c0] + (1) cpd00011[c0]
rxn02853_c0	=>	c0	(AAA023D18.genome.CDS.1514) or (AAA023D18.genome.CDS.1162) or (AAA023D18.genome.CDS.1102) or (AAA023D18.genome.CDS.1161)	Imidazole acetaldehyde:NAD+ oxidoreductase_c0	Unknown	Unknown	None	(1) cpd03052[c0] + (1) cpd00001[c0] + (1) cpd00003[c0] => (2) cpd00067[c0] + (1) cpd00004[c0] + (1) cpd01831[c0]
rxn05372_c0	<=>	c0	(AAA023D18.genome.CDS.939) or (AAA023D18.genome.CDS.1418) or (AAA023D18.genome.CDS.1100) or (AAA023D18.genome.CDS.940) or (AAA023D18.genome.CDS.926) or (AAA023D18.genome.CDS.1018)	10-methyl-3-oxo-dodecanoyl-ACP:NADP+ oxidoreductase_c0	Unknown	Unknown	None	(1) cpd00067[c0] + (1) cpd11508[c0] + (1) cpd00005[c0] <=> (1) cpd11509[c0] + (1) cpd00006[c0]
rxn00459_c0	<=>	c0	(AAA023D18.genome.CDS.1500) or (AAA023D18.genome.CDS.1096)	2-Phospho-D-glycerate hydro-lyase_c0	Unknown	Unknown	None	(1) cpd00482[c0] <=> (1) cpd00001[c0] + (1) cpd00061[c0]
rxn10225_c0	<=>	c0	AAA023D18.genome.CDS.1347	isohexadecanoyl-phosphatidate cytidylyltransferase_c0	Unknown	Unknown	None	(1) cpd15682[c0] + (1) cpd00052[c0] <=> (1) cpd15688[c0] + (1) cpd00012[c0]
rxn00929_c0	<=>	c0	AAA023D18.genome.CDS.1415	L-Proline:NAD+ 5-oxidoreductase_c0	Unknown	Unknown	None	(1) cpd00129[c0] + (1) cpd00003[c0] <=> (1) cpd00067[c0] + (1) cpd00004[c0] + (1) cpd02431[c0]
rxn08311_c0	<=>	c0	AAA023D18.genome.CDS.1347	CDP-diacylglycerol synthetase (n-C18:0)_c0	Unknown	Unknown	None	(1) cpd15526[c0] + (1) cpd00052[c0] <=> (1) cpd15421[c0] + (1) cpd00012[c0]
rxn01101_c0	<=>	c0	(AAA023D18.genome.CDS.1017) or (AAA023D18.genome.CDS.898) or (AAA023D18.genome.CDS.1358) or (AAA023D18.genome.CDS.917)	3-Phospho-D-glycerate:NAD+ 2-oxidoreductase_c0	Unknown	Unknown	None	(1) cpd00003[c0] + (1) cpd00169[c0] <=> (1) cpd00067[c0] + (1) cpd00004[c0] + (1) cpd02069[c0]
rxn00302_c0	=>	c0	AAA023D18.genome.CDS.764	GTP 7,8-8,9-dihydrolase_c0	Unknown	Unknown	None	(1) cpd00001[c0] + (1) cpd00038[c0] => (1) cpd03518[c0]
rxn05145_c0	<=>	c0	(AAA023D18.genome.CDS.1130) and (AAA023D18.genome.CDS.1128) and (AAA023D18.genome.CDS.1129) and (AAA023D18.genome.CDS.1131)	Orthophosphate-ABC transport_c0	Unknown	Unknown	None	(1) cpd00002[c0] + (1) cpd00001[c0] + (1) cpd00009[e0] <=> (1) cpd00067[c0] + (2) cpd00009[c0] + (1) cpd00008[c0]
rxn05341_c0	<=>	c0	(AAA023D18.genome.CDS.939) or (AAA023D18.genome.CDS.1418) or (AAA023D18.genome.CDS.1100) or (AAA023D18.genome.CDS.940) or (AAA023D18.genome.CDS.926) or (AAA023D18.genome.CDS.1018)	(3R)-3-Hydroxyoctanoyl-[acyl-carrier-protein]:NADP+ oxidoreductase_c0	Unknown	Unknown	None	(1) cpd11483[c0] + (1) cpd00006[c0] <=> (1) cpd00067[c0] + (1) cpd11490[c0] + (1) cpd00005[c0]
rxn10199_c0	<=>	c0	AAA023D18.genome.CDS.824	Peptidoglycan subunit synthesis_c0	Unknown	Unknown	None	(1) cpd15666[c0] + (1) cpd03495[c0] <=> (1) cpd02229[c0] + (1) cpd15665[c0]
rxn01446_c0	<=>	c0	AAA023D18.genome.CDS.1158	Deoxyguanosine:orthophosphate ribosyltransferase_c0	Unknown	Unknown	None	(1) cpd00067[c0] + (1) cpd00009[c0] + (1) cpd00277[c0] <=> (1) cpd00207[c0] + (1) cpd00509[c0]
rxn00558_c0	<=>	c0	AAA023D18.genome.CDS.1056	D-Glucose-6-phosphate ketol-isomerase_c0	Unknown	Unknown	None	(1) cpd00079[c0] <=> (1) cpd00072[c0]
rxn10122_c0	<=>	c0	(AAA023D18.genome.CDS.1280) and (AAA023D18.genome.CDS.1279) and (AAA023D18.genome.CDS.1281) and (AAA023D18.genome.CDS.1277) and (AAA023D18.genome.CDS.1287) and (AAA023D18.genome.CDS.1284) and (AAA023D18.genome.CDS.1290) and (AAA023D18.genome.CDS.1282) and (AAA023D18.genome.CDS.1278) and (AAA023D18.genome.CDS.1286) and (AAA023D18.genome.CDS.1285) and (AAA023D18.genome.CDS.1289) and (AAA023D18.genome.CDS.1291) and (AAA023D18.genome.CDS.1288)	NADH dehydrogenase (ubiquinone-8 & 3.5 protons)_c0	Unknown	Unknown	None	(4.5) cpd00067[c0] + (1) cpd15560[c0] + (1) cpd00004[c0] <=> (3.5) cpd00067[e0] + (1) cpd15561[c0] + (1) cpd00003[c0]
rxn01200_c0	<=>	c0	AAA023D18.genome.CDS.1054	Sedoheptulose-7-phosphate:D-glyceraldehyde-3-phosphate_c0	Unknown	Unknown	None	(1) cpd00238[c0] + (1) cpd00102[c0] <=> (1) cpd00198[c0] + (1) cpd00101[c0]
rxn00193_c0	<=>	c0	AAA023D18.genome.CDS.1382	L-Glutamate racemase_c0	Unknown	Unknown	None	(1) cpd00023[c0] <=> (1) cpd00186[c0]
rxn01073_c0	=>	c0	AAA023D18.genome.CDS.842	sn-Glycero-3-phosphoethanolamine glycerophosphohydrolase_c0	Unknown	Unknown	None	(1) cpd00001[c0] + (1) cpd00908[c0] => (1) cpd00162[c0] + (1) cpd00080[c0]
rxn05175_c0	=>	c0	() and (AAA023D18.genome.CDS.1343) and (AAA023D18.genome.CDS.1342) and () and () and () and (AAA023D18.genome.CDS.1341)	Spermidine-ABC transport_c0	Unknown	Unknown	None	(1) cpd00002[c0] + (1) cpd00001[c0] + (1) cpd00264[e0] => (1) cpd00067[c0] + (1) cpd00009[c0] + (1) cpd00264[c0] + (1) cpd00008[c0]
rxn12844_c0	<=>	c0	(AAA023D18.genome.CDS.1140) or (AAA023D18.genome.CDS.1209)	Gly-Cys aminopeptidase_c0	Unknown	Unknown	None	(1) cpd15603[c0] + (1) cpd00001[c0] <=> (1) cpd00084[c0] + (1) cpd00033[c0]
rxn01678_c0	<=>	c0	AAA023D18.genome.CDS.1467	ATP:nucleoside-diphosphate phosphatransferase_c0	Unknown	Unknown	None	(1) cpd00002[c0] + (1) cpd00978[c0] <=> (1) cpd00358[c0] + (1) cpd00008[c0]
rxn01858_c0	=>	c0	(AAA023D18.genome.CDS.1163) or (AAA023D18.genome.CDS.741)	Deoxyadenosine aminohydrolase_c0	Unknown	Unknown	None	(1) cpd00438[c0] + (1) cpd00067[c0] + (1) cpd00001[c0] => (1) cpd00013[c0] + (1) cpd03279[c0]
rxn00100_c0	=>	c0	AAA023D18.genome.CDS.1068	ATP:dephospho-CoA 3'-phosphotransferase_c0	Unknown	Unknown	None	(1) cpd00655[c0] + (1) cpd00002[c0] => (1) cpd00010[c0] + (1) cpd00008[c0]
rxn00806_c0	<=>	c0	AAA023D18.genome.CDS.1356	L-Leucine:2-oxoglutarate aminotransferase_c0	Unknown	Unknown	None	(1) cpd00024[c0] + (1) cpd00107[c0] <=> (1) cpd00200[c0] + (1) cpd00023[c0]
rxn01053_c0	<=>	c0	(AAA023D18.genome.CDS.1023) and (AAA023D18.genome.CDS.1023)	(S)-lactaldehyde:NAD+ oxidoreductase_c0	Unknown	Unknown	None	(1) cpd00334[c0] + (1) cpd00001[c0] + (1) cpd00003[c0] <=> (2) cpd00067[c0] + (1) cpd00159[c0] + (1) cpd00004[c0]
rxn02341_c0	=>	c0	(AAA023D18.genome.CDS.1422) and (AAA023D18.genome.CDS.1422)	N-[(R)-4'-Phosphopantothenoyl]-L-cysteine carboxy-lyase_c0	Unknown	Unknown	None	(1) cpd00067[c0] + (1) cpd02666[c0] => (1) cpd00011[c0] + (1) cpd00834[c0]
rxn09310_c0	=>	c0	() and () and (AAA023D18.genome.CDS.960) and () and () and ()	thiazole phosphate synthesis_c0	Unknown	Unknown	None	(1) cpd00002[c0] + (1) cpd08289[c0] + (1) cpd00069[c0] + (1) cpd00084[c0] => (1) cpd15378[c0] + (1) cpd00018[c0] + (1) cpd02654[c0] + (1) cpd00035[c0] + (1) cpd00001[c0] + (1) cpd00011[c0] + (1) cpd00012[c0]
rxn03175_c0	<=>	c0	AAA023D18.genome.CDS.981	N-(5'-Phospho-D-ribosylformimino)-5-amino-1-_c0	Unknown	Unknown	None	(1) cpd02979[c0] <=> (1) cpd02991[c0]
rxn10219_c0	=>	c0	AAA023D18.genome.CDS.1331	isohexadecanoyl-1-acylglycerol-3-phosphate O-acyltransferase_c0	Unknown	Unknown	None	(1) cpd15676[c0] + (1) cpd11441[c0] => (1) cpd15682[c0] + (1) cpd00010[c0]
rxn05158_c0	=>	c0	(AAA023D18.genome.CDS.943) or (AAA023D18.genome.CDS.1172)	sn-Glycerol ABC transport_c0	Unknown	Unknown	None	(1) cpd00002[c0] + (1) cpd00080[e0] + (1) cpd00001[c0] => (1) cpd00067[c0] + (1) cpd00080[c0] + (1) cpd00009[c0] + (1) cpd00008[c0]
rxn00689_c0	=>	c0	(AAA023D18.genome.CDS.1493) and (AAA023D18.genome.CDS.1493)	Tetrahydrofolate:L-glutamate gamma-ligase (ADP-forming)_c0	Unknown	Unknown	None	(1) cpd00002[c0] + (1) cpd00087[c0] + (1) cpd00023[c0] => (1) cpd00067[c0] + (1) cpd00009[c0] + (1) cpd06227[c0] + (1) cpd00008[c0]
rxn01122_c0	=>	c0	AAA023D18.genome.CDS.1006	D-Altronate hydro-lyase_c0	Unknown	Unknown	None	(1) cpd00608[c0] => (1) cpd00176[c0] + (1) cpd00001[c0]
rxn12640_c0	<=>	c0	(AAA023D18.genome.CDS.1140) or (AAA023D18.genome.CDS.1209)	aminopeptidase_c0	Unknown	Unknown	None	(1) cpd00001[c0] + (1) cpd11586[c0] <=> (1) cpd00023[c0] + (1) cpd00035[c0]
rxn05376_c0	<=>	c0	(AAA023D18.genome.CDS.939) or (AAA023D18.genome.CDS.1418) or (AAA023D18.genome.CDS.1100) or (AAA023D18.genome.CDS.940) or (AAA023D18.genome.CDS.926) or (AAA023D18.genome.CDS.1018)	12-methyl-3-oxo-tetra-decanoyl-ACP:NADP+ oxidoreductase_c0	Unknown	Unknown	None	(1) cpd00067[c0] + (1) cpd11512[c0] + (1) cpd00005[c0] <=> (1) cpd11513[c0] + (1) cpd00006[c0]
rxn05342_c0	<=>	c0	(AAA023D18.genome.CDS.939) or (AAA023D18.genome.CDS.1418) or (AAA023D18.genome.CDS.1100) or (AAA023D18.genome.CDS.940) or (AAA023D18.genome.CDS.926) or (AAA023D18.genome.CDS.1018)	(3R)-3-Hydroxytetradecanoyl-[acyl-carrier-protein]:NADP+_c0	Unknown	Unknown	None	(1) cpd11484[c0] + (1) cpd00006[c0] <=> (1) cpd00067[c0] + (1) cpd11491[c0] + (1) cpd00005[c0]
rxn06510_c0	<=>	c0	AAA023D18.genome.CDS.1316	Lauroyl-CoA:acetyl-CoA C-acyltransferase_c0	Unknown	Unknown	None	(1) cpd01260[c0] + (1) cpd00022[c0] <=> (1) cpd00010[c0] + (1) cpd12689[c0]
rxn05596_c0	<=>	c0	(AAA023D18.genome.CDS.560) or (AAA023D18.genome.CDS.1309)	potassium transport out via proton antiport_c0	Unknown	Unknown	None	(1) cpd00067[e0] + (1) cpd00205[c0] <=> (1) cpd00067[c0] + (1) cpd00205[e0]
rxn00262_c0	=>	c0	AAA023D18.genome.CDS.759	L-Aspartic acid:oxygen oxidoreductase (deaminating)_c0	Unknown	Unknown	None	(1) cpd00041[c0] + (1) cpd00001[c0] + (1) cpd00007[c0] => (1) cpd00032[c0] + (1) cpd00013[c0] + (1) cpd00025[c0]
rxn00710_c0	=>	c0	AAA023D18.genome.CDS.1433	Orotidine-5'-phosphate carboxy-lyase_c0	Unknown	Unknown	None	(1) cpd00067[c0] + (1) cpd00810[c0] => (1) cpd00091[c0] + (1) cpd00011[c0]
rxn10308_c0	<=>	c0	AAA023D18.genome.CDS.895	myristoyl-lipoteichoic acid synthesis (n=24), linked, N-acetylglucosamine substituted_c0	Unknown	Unknown	None	(1) cpd15747[c0] + (24) cpd00037[c0] <=> (24) cpd00014[c0] + (1) cpd15765[c0]
rxn05249_c0	=>	c0	AAA023D18.genome.CDS.1327	FACOAL150(ISO)_c0	Unknown	Unknown	None	(1) cpd00067[c0] + (1) cpd00002[c0] + (1) cpd00010[c0] + (1) cpd11436[c0] => (1) cpd00018[c0] + (1) cpd00012[c0] + (1) cpd11437[c0]
rxn01649_c0	<=>	c0	AAA023D18.genome.CDS.1158	Xanthosine:orthophosphate ribosyltransferase_c0	Unknown	Unknown	None	(1) cpd00067[c0] + (1) cpd01217[c0] + (1) cpd00009[c0] <=> (1) cpd00475[c0] + (1) cpd00309[c0]
rxn13782_c0	=>	c0	(AAA023D18.genome.CDS.756) and () and () and () and () and (AAA023D18.genome.CDS.828) and (AAA023D18.genome.CDS.1233) and () and () and () and () and () and () and (AAA023D18.genome.CDS.1170) and (AAA023D18.genome.CDS.1036) and () and (AAA023D18.genome.CDS.1270) and () and (AAA023D18.genome.CDS.968) and (AAA023D18.genome.CDS.1351) and () and (AAA023D18.genome.CDS.1206) and (AAA023D18.genome.CDS.1037) and () and (AAA023D18.genome.CDS.1030) and () and () and () and (AAA023D18.genome.CDS.1201) and (AAA023D18.genome.CDS.1426) and () and (AAA023D18.genome.CDS.806) and (AAA023D18.genome.CDS.1200) and (AAA023D18.genome.CDS.1438) and () and (AAA023D18.genome.CDS.1040) and () and (AAA023D18.genome.CDS.1039) and (AAA023D18.genome.CDS.844) and (AAA023D18.genome.CDS.1207) and () and () and () and (AAA023D18.genome.CDS.826) and () and () and () and (AAA023D18.genome.CDS.1269) and (AAA023D18.genome.CDS.1397) and () and () and () and () and () and () and () and () and (AAA023D18.genome.CDS.1150) and () and (AAA023D18.genome.CDS.1439) and () and () and (AAA023D18.genome.CDS.1537) and () and () and () and (AAA023D18.genome.CDS.1205) and (AAA023D18.genome.CDS.829) and (AAA023D18.genome.CDS.1437) and (AAA023D18.genome.CDS.1539) and () and () and () and (AAA023D18.genome.CDS.1446) and () and (AAA023D18.genome.CDS.1203) and ()	Protein biosynthesis_c0	Unknown	Unknown	None	 => (1) cpd17041[c0]
rxn01682_c0	<=>	c0	(AAA023D18.genome.CDS.1085) and (AAA023D18.genome.CDS.1086)	(1S,2R)-1-C-(indol-3-yl)glycerol 3-phosphate_c0	Unknown	Unknown	None	(1) cpd02210[c0] <=> (1) cpd00102[c0] + (1) cpd00359[c0]
rxn10311_c0	<=>	c0	AAA023D18.genome.CDS.895	anteisoheptadecanoyl-lipoteichoic acid synthesis (n=24), linked, N-acetylglucosamine substituted_c0	Unknown	Unknown	None	(24) cpd00037[c0] + (1) cpd15750[c0] <=> (24) cpd00014[c0] + (1) cpd15768[c0]
rxn01486_c0	=>	c0	AAA023D18.genome.CDS.1276	trans,trans-Farnesyl-diphosphate:isopentenyl-diphosphate_c0	Unknown	Unknown	None	(1) cpd00113[c0] + (1) cpd00350[c0] => (1) cpd00289[c0] + (1) cpd00012[c0]
rxn00117_c0	<=>	c0	AAA023D18.genome.CDS.1467	ATP:nucleoside-diphosphate phosphatransferase_c0	Unknown	Unknown	None	(1) cpd00002[c0] + (1) cpd00014[c0] <=> (1) cpd00062[c0] + (1) cpd00008[c0]
rxn01997_c0	=>	c0	AAA023D18.genome.CDS.1465	dTDPglucose 4,6-hydro-lyase_c0	Unknown	Unknown	None	(1) cpd00626[c0] => (1) cpd00521[c0] + (1) cpd00001[c0]
rxn00555_c0	<=>	c0	AAA023D18.genome.CDS.1198	L-Glutamine:D-fructose-6-phosphate aminotransferase (hexose_c0	Unknown	Unknown	None	(1) cpd00072[c0] + (1) cpd00053[c0] <=> (1) cpd00023[c0] + (1) cpd00288[c0]
rxn00260_c0	<=>	c0	(AAA023D18.genome.CDS.1443) or (AAA023D18.genome.CDS.1101)	L-Aspartate:2-oxoglutarate aminotransferase_c0	Unknown	Unknown	None	(1) cpd00041[c0] + (1) cpd00024[c0] <=> (1) cpd00032[c0] + (1) cpd00023[c0]
rxn05337_c0	<=>	c0	(AAA023D18.genome.CDS.939) or (AAA023D18.genome.CDS.1418) or (AAA023D18.genome.CDS.1100) or (AAA023D18.genome.CDS.940) or (AAA023D18.genome.CDS.926) or (AAA023D18.genome.CDS.1018)	(3R)-3-Hydroxyhexanoyl-[acyl-carrier-protein]:NADP+ oxidoreductase_c0	Unknown	Unknown	None	(1) cpd00006[c0] + (1) cpd11479[c0] <=> (1) cpd00067[c0] + (1) cpd11486[c0] + (1) cpd00005[c0]
rxn00355_c0	<=>	c0	AAA023D18.genome.CDS.910	UTP:alpha-D-hexose-1-phosphate uridylyltransferase_c0	Unknown	Unknown	None	(1) cpd00348[c0] + (1) cpd00062[c0] <=> (1) cpd00043[c0] + (1) cpd00012[c0]
rxn13783_c0	=>	c0	(AAA023D18.genome.CDS.800) and (AAA023D18.genome.CDS.801) and (AAA023D18.genome.CDS.908) and () and () and () and (AAA023D18.genome.CDS.1089) and () and () and (AAA023D18.genome.CDS.827) and () and (AAA023D18.genome.CDS.783) and () and (AAA023D18.genome.CDS.1538) and (AAA023D18.genome.CDS.785) and (AAA023D18.genome.CDS.805) and (AAA023D18.genome.CDS.869) and ((AAA023D18.genome.CDS.1533) or (AAA023D18.genome.CDS.1531) or (AAA023D18.genome.CDS.1180)) and (AAA023D18.genome.CDS.804) and (AAA023D18.genome.CDS.1424) and () and ((AAA023D18.genome.CDS.962) or (AAA023D18.genome.CDS.1472)) and ()	DNA replication_c0	Unknown	Unknown	None	 => (1) cpd17042[c0]
rxn01390_c0	<=>	c0	(AAA023D18.genome.CDS.1024) or (AAA023D18.genome.CDS.1012)	ATP:L-rhamnulose 1-phosphotransferase_c0	Unknown	Unknown	None	(1) cpd00002[c0] + (1) cpd00261[c0] <=> (1) cpd00008[c0] + (1) cpd03861[c0]
rxn12645_c0	<=>	c0	(AAA023D18.genome.CDS.1140) or (AAA023D18.genome.CDS.1209)	aminopeptidase_c0	Unknown	Unknown	None	(1) cpd11581[c0] + (1) cpd00001[c0] <=> (1) cpd00132[c0] + (1) cpd00033[c0]
rxn02008_c0	=>	c0	AAA023D18.genome.CDS.1547	UDP-N-acetylmuramoyl-L-alanine:D-glutamate ligase(ADP-forming)_c0	Unknown	Unknown	None	(1) cpd00890[c0] + (1) cpd00186[c0] + (1) cpd00002[c0] => (1) cpd00067[c0] + (1) cpd00009[c0] + (1) cpd00525[c0] + (1) cpd00008[c0]
rxn05385_c0	<=>	c0	(AAA023D18.genome.CDS.939) or (AAA023D18.genome.CDS.1418) or (AAA023D18.genome.CDS.1100) or (AAA023D18.genome.CDS.940) or (AAA023D18.genome.CDS.926) or (AAA023D18.genome.CDS.1018)	5-methyl-3-oxo-hexanoyl-ACP:NADP+ oxidoreductase_c0	Unknown	Unknown	None	(1) cpd11521[c0] + (1) cpd00067[c0] + (1) cpd00005[c0] <=> (1) cpd00006[c0] + (1) cpd11522[c0]
rxn00915_c0	<=	c0	AAA023D18.genome.CDS.766	GMP:pyrophosphate phosphoribosyltransferase_c0	Unknown	Unknown	None	(1) cpd00126[c0] + (1) cpd00012[c0] <= (1) cpd00207[c0] + (1) cpd00103[c0]
rxn00299_c0	=>	c0	AAA023D18.genome.CDS.764	GTP 7,8-8,9-dihydrolase_c0	Unknown	Unknown	None	(1) cpd00001[c0] + (1) cpd00038[c0] => (1) cpd00067[c0] + (1) cpd02978[c0] + (1) cpd00047[c0]
rxn00839_c0	<=>	c0	AAA023D18.genome.CDS.1467	ATP:nucleoside-diphosphate phosphatransferase_c0	Unknown	Unknown	None	(1) cpd00002[c0] + (1) cpd00177[c0] <=> (1) cpd00115[c0] + (1) cpd00008[c0]
rxn00461_c0	<=>	c0	(AAA023D18.genome.CDS.1541) or (AAA023D18.genome.CDS.1503)	Phosphoenolpyruvate:UDP-N-acetyl-D-glucosamine_c0	Unknown	Unknown	None	(1) cpd00061[c0] + (1) cpd00037[c0] <=> (1) cpd02820[c0] + (1) cpd00067[c0] + (1) cpd00009[c0]
rxn08089_c0	=>	c0	AAA023D18.genome.CDS.1331	1-octadec-7-enoyl-sn-glycerol 3-phosphate O-acyltransferase (n-C18:1)_c0	Unknown	Unknown	None	(1) cpd15328[c0] + (1) cpd11825[c0] => (1) cpd11493[c0] + (1) cpd15527[c0]
rxn00283_c0	<=>	c0	AAA023D18.genome.CDS.1196	L-Alanine racemase_c0	Unknown	Unknown	None	(1) cpd00035[c0] <=> (1) cpd00117[c0]
rxn10212_c0	=>	c0	AAA023D18.genome.CDS.1331	myristoyl-1-acylglycerol-3-phosphate O-acyltransferase_c0	Unknown	Unknown	None	(1) cpd15331[c0] + (1) cpd01695[c0] => (1) cpd15522[c0] + (1) cpd00010[c0]
rxn10221_c0	<=>	c0	AAA023D18.genome.CDS.1347	anteisoheptadecanoyl-phosphatidate cytidylyltransferase_c0	Unknown	Unknown	None	(1) cpd15678[c0] + (1) cpd00052[c0] <=> (1) cpd15684[c0] + (1) cpd00012[c0]
rxn09177_c0	=>	c0	AAA023D18.genome.CDS.1422	phosphopantothenate-cysteine ligase_c0	Unknown	Unknown	None	(1) cpd00084[c0] + (1) cpd02201[c0] + (1) cpd00052[c0] => (1) cpd00012[c0] + (1) cpd02666[c0] + (1) cpd00046[c0]
rxn10126_c0	=>	c0	(AAA023D18.genome.CDS.848) and (AAA023D18.genome.CDS.847)	succinate dehyrdogenase_c0	Unknown	Unknown	None	(1) cpd15560[c0] + (1) cpd00982[c0] => (1) cpd00015[c0] + (1) cpd15561[c0]
rxn08083_c0	=>	c0	AAA023D18.genome.CDS.1331	1-tetradecanoyl-sn-glycerol 3-phosphate O-acyltransferase (n-C12:0)_c0	Unknown	Unknown	None	(1) cpd15325[c0] + (1) cpd11468[c0] => (1) cpd15521[c0] + (1) cpd11493[c0]
rxn02507_c0	=>	c0	AAA023D18.genome.CDS.1087	1-(2-Carboxyphenylamino)-1-deoxy-D-ribulose-5-phosphate_c0	Unknown	Unknown	None	(1) cpd00067[c0] + (1) cpd00956[c0] => (1) cpd02210[c0] + (1) cpd00001[c0] + (1) cpd00011[c0]
rxn03901_c0	=>	c0	AAA023D18.genome.CDS.1482	Undecaprenyl-diphosphate phosphohydrolase_c0	Unknown	Unknown	None	(1) cpd02229[c0] + (1) cpd00001[c0] => (1) cpd00067[c0] + (1) cpd00009[c0] + (1) cpd00286[c0]
rxn00669_c0	<=>	c0	() and (AAA023D18.genome.CDS.884)	Propanoate:CoA ligase (ADP-forming)_c0	Unknown	Unknown	None	(1) cpd00002[c0] + (1) cpd00141[c0] + (1) cpd00010[c0] <=> (1) cpd00086[c0] + (1) cpd00009[c0] + (1) cpd00008[c0]
rxn01333_c0	<=>	c0	AAA023D18.genome.CDS.1055	Sedoheptulose-7-phosphate:D-glyceraldehyde-3-phosphate_c0	Unknown	Unknown	None	(1) cpd00238[c0] + (1) cpd00102[c0] <=> (1) cpd00236[c0] + (1) cpd00072[c0]
rxn02161_c0	<=>	c0	(AAA023D18.genome.CDS.1024) or (AAA023D18.genome.CDS.1012)	ATP:L-rhamnulose 1-phosphotransferase_c0	Unknown	Unknown	None	(1) cpd00002[c0] + (1) cpd00642[c0] <=> (1) cpd00831[c0] + (1) cpd00008[c0]
rxn01434_c0	<=>	c0	AAA023D18.genome.CDS.1372	L-Citrulline:L-aspartate ligase (AMP-forming)_c0	Unknown	Unknown	None	(1) cpd00002[c0] + (1) cpd00041[c0] + (1) cpd00274[c0] <=> (1) cpd00018[c0] + (1) cpd02152[c0] + (1) cpd00012[c0]
rxn01116_c0	<=>	c0	AAA023D18.genome.CDS.1428	D-Ribulose-5-phosphate 3-epimerase_c0	Unknown	Unknown	None	(1) cpd00171[c0] <=> (1) cpd00198[c0]
rxn03908_c0	<=>	c0	AAA023D18.genome.CDS.1394	ATP: 4-(Cytidine 5'-diphospho)-2-C-methyl-D-erythritol_c0	Unknown	Unknown	None	(1) cpd08287[c0] + (1) cpd00002[c0] <=> (1) cpd08288[c0] + (1) cpd00008[c0]
rxn08308_c0	<=>	c0	AAA023D18.genome.CDS.1347	CDP-diacylglycerol synthetase (n-C14:1)_c0	Unknown	Unknown	None	(1) cpd15523[c0] + (1) cpd00052[c0] <=> (1) cpd00012[c0] + (1) cpd15422[c0]
rxn00409_c0	<=>	c0	AAA023D18.genome.CDS.1467	ATP:nucleoside-diphosphate phosphatransferase_c0	Unknown	Unknown	None	(1) cpd00002[c0] + (1) cpd00096[c0] <=> (1) cpd00008[c0] + (1) cpd00052[c0]
rxn08669_c0	=>	c0	AAA023D18.genome.CDS.842	Glycerophosphodiester phosphodiesterase (Glycerophosphoglycerol)_c0	Unknown	Unknown	None	(1) cpd00001[c0] + (1) cpd02090[c0] => (1) cpd00080[c0] + (1) cpd00100[c0]
rxn02200_c0	<=>	c0	AAA023D18.genome.CDS.763	2-Amino-4-hydroxy-6-hydroxymethyl-7,8-dihydropteridine:4-_c0	Unknown	Unknown	None	(1) cpd00954[c0] + (1) cpd00443[c0] <=> (1) cpd00683[c0] + (1) cpd00001[c0]
rxn05397_c0	<=>	c0	(AAA023D18.genome.CDS.939) or (AAA023D18.genome.CDS.1418) or (AAA023D18.genome.CDS.1100) or (AAA023D18.genome.CDS.940) or (AAA023D18.genome.CDS.926) or (AAA023D18.genome.CDS.1018)	11-methyl-3-oxo-dodecanoyl-ACP:NADP+ oxidoreductase_c0	Unknown	Unknown	None	(1) cpd00067[c0] + (1) cpd11533[c0] + (1) cpd00005[c0] <=> (1) cpd11534[c0] + (1) cpd00006[c0]
rxn03062_c0	<=>	c0	AAA023D18.genome.CDS.1357	3-Isopropylmalate:NAD+ oxidoreductase_c0	Unknown	Unknown	None	(1) cpd00003[c0] + (1) cpd02693[c0] <=> (1) cpd02605[c0] + (1) cpd00067[c0] + (1) cpd00004[c0]
rxn00506_c0	=>	c0	(AAA023D18.genome.CDS.1514) or (AAA023D18.genome.CDS.1162) or (AAA023D18.genome.CDS.1102) or (AAA023D18.genome.CDS.1161)	Acetaldehyde:NAD+ oxidoreductase_c0	Unknown	Unknown	None	(1) cpd00001[c0] + (1) cpd00003[c0] + (1) cpd00071[c0] => (2) cpd00067[c0] + (1) cpd00004[c0] + (1) cpd00029[c0]
rxn01388_c0	<=>	c0	() and ((AAA023D18.genome.CDS.1312) or (AAA023D18.genome.CDS.563))	isocitrate hydro-lyase_c0	Unknown	Unknown	None	(1) cpd00260[c0] <=> (1) cpd00331[c0] + (1) cpd00001[c0]
rxn10214_c0	=>	c0	AAA023D18.genome.CDS.1331	isoheptadecanoyl-1-acylglycerol-3-phosphate O-acyltransferase_c0	Unknown	Unknown	None	(1) cpd11432[c0] + (1) cpd15671[c0] => (1) cpd15677[c0] + (1) cpd00010[c0]
rxn01791_c0	=>	c0	AAA023D18.genome.CDS.760	(R)-Pantoate:beta-alanine ligase (AMP-forming)_c0	Unknown	Unknown	None	(1) cpd00085[c0] + (1) cpd00002[c0] + (1) cpd00408[c0] => (1) cpd00018[c0] + (1) cpd00644[c0] + (1) cpd00012[c0]
rxn02275_c0	=>	c0	AAA023D18.genome.CDS.1489	4-Guanidinobutanamide amidohydrolase_c0	Unknown	Unknown	None	(1) cpd00001[c0] + (1) cpd01973[c0] => (1) cpd00762[c0] + (1) cpd00013[c0]
rxn01519_c0	=>	c0	AAA023D18.genome.CDS.1307	dUTP nucleotidohydrolase_c0	Unknown	Unknown	None	(1) cpd00358[c0] + (1) cpd00001[c0] => (1) cpd00012[c0] + (1) cpd00299[c0]
rxn01316_c0	<=	c0	AAA023D18.genome.CDS.896	N-Acetylneuraminate pyruvate-lyase (pyruvate-phosphorylating)_c0	Unknown	Unknown	None	(1) cpd00067[c0] + (1) cpd00009[c0] + (1) cpd00232[c0] <= (1) cpd00001[c0] + (1) cpd00492[c0] + (1) cpd00061[c0]
rxn01964_c0	=>	c0	(AAA023D18.genome.CDS.1085) and (AAA023D18.genome.CDS.1086)	L-Serine hydro-lyase (adding indoleglycerol-phosphate)_c0	Unknown	Unknown	None	(1) cpd02210[c0] + (1) cpd00054[c0] => (1) cpd00065[c0] + (1) cpd00102[c0] + (1) cpd00001[c0]
rxn03919_c0	=>	c0	AAA023D18.genome.CDS.1247	D-glycero-D-manno-heptose 1,7-bisphosphate phosphatase_c0	Unknown	Unknown	None	(1) cpd00001[c0] + (1) cpd08316[c0] => (1) cpd00067[c0] + (1) cpd00009[c0] + (1) cpd04920[c0]
rxn00208_c0	=>	c0	AAA023D18.genome.CDS.1257	Pyridoxamine-5'-phosphate:oxygen oxidoreductase (deaminating)_c0	Unknown	Unknown	None	(1) cpd00001[c0] + (1) cpd00493[c0] + (1) cpd00007[c0] => (1) cpd00016[c0] + (1) cpd00013[c0] + (1) cpd00025[c0]
rxn12510_c0	<=>	c0	AAA023D18.genome.CDS.757	ATP:pantothenate 4'-phosphotransferase_c0	Unknown	Unknown	None	(1) cpd00002[c0] + (1) cpd00644[c0] <=> (1) cpd02201[c0] + (1) cpd00008[c0]
rxn02380_c0	<=>	c0	AAA023D18.genome.CDS.1056	beta-D-Glucose 6-phosphate ketol-isomerase_c0	Unknown	Unknown	None	(1) cpd00863[c0] <=> (1) cpd00072[c0]
rxn00474_c0	=>	c0	(AAA023D18.genome.CDS.1085) and (AAA023D18.genome.CDS.1086)	L-Serine hydro-lyase (adding indoleglycerol-phosphate)_c0	Unknown	Unknown	None	(1) cpd00359[c0] + (1) cpd00054[c0] => (1) cpd00065[c0] + (1) cpd00001[c0]
rxn03435_c0	<=>	c0	AAA023D18.genome.CDS.1359	(R)-2,3-Dihydroxy-3-methylpentanoate:NADP+ oxidoreductase_c0	Unknown	Unknown	None	(1) cpd00006[c0] + (1) cpd02535[c0] <=> (1) cpd00067[c0] + (1) cpd10162[c0] + (1) cpd00005[c0]
rxn01673_c0	<=>	c0	AAA023D18.genome.CDS.1467	ATP:nucleoside-diphosphate phosphatransferase_c0	Unknown	Unknown	None	(1) cpd00002[c0] + (1) cpd00533[c0] <=> (1) cpd00356[c0] + (1) cpd00008[c0]
rxn12845_c0	<=>	c0	(AAA023D18.genome.CDS.1140) or (AAA023D18.genome.CDS.1209)	Gly-Leu aminopeptidase_c0	Unknown	Unknown	None	(1) cpd15604[c0] + (1) cpd00001[c0] <=> (1) cpd00107[c0] + (1) cpd00033[c0]
rxn00085_c0	<=>	c0	(AAA023D18.genome.CDS.1079) and (AAA023D18.genome.CDS.1080)	L-Glutamate:NADP+ oxidoreductase (transaminating)_c0	Unknown	Unknown	None	(1) cpd00006[c0] + (2) cpd00023[c0] <=> (1) cpd00067[c0] + (1) cpd00024[c0] + (1) cpd00053[c0] + (1) cpd00005[c0]
rxn11702_c0	=>	c0	AAA023D18.genome.CDS.1294	2-succinyl-5-enolpyruvyl-6-hydroxy-3-cyclohexene-1-carboxylate_c0	Unknown	Unknown	None	(1) cpd00658[c0] + (1) cpd00067[c0] + (1) cpd00024[c0] => (1) cpd16335[c0] + (1) cpd00011[c0]
rxn05340_c0	<=>	c0	(AAA023D18.genome.CDS.939) or (AAA023D18.genome.CDS.1418) or (AAA023D18.genome.CDS.1100) or (AAA023D18.genome.CDS.940) or (AAA023D18.genome.CDS.926) or (AAA023D18.genome.CDS.1018)	(3R)-3-Hydroxydodecanoyl-[acyl-carrier-protein]:NADP+ oxidoreductase_c0	Unknown	Unknown	None	(1) cpd00006[c0] + (1) cpd11480[c0] <=> (1) cpd11489[c0] + (1) cpd00067[c0] + (1) cpd00005[c0]
rxn00251_c0	<=>	c0	AAA023D18.genome.CDS.1389	Orthophosphate:oxaloacetate carboxyl-lyase (phosphorylating)_c0	Unknown	Unknown	None	(2) cpd00067[c0] + (1) cpd00032[c0] + (1) cpd00009[c0] <=> (1) cpd00001[c0] + (1) cpd00011[c0] + (1) cpd00061[c0]
rxn00295_c0	<=>	c0	(AAA023D18.genome.CDS.867) or (AAA023D18.genome.CDS.1245) or (AAA023D18.genome.CDS.790)	UDP-N-acetyl-D-glucosamine 4-epimerase_c0	Unknown	Unknown	None	(1) cpd00037[c0] <=> (1) cpd00175[c0]
rxn01368_c0	=>	c0	AAA023D18.genome.CDS.1165	Cytidine aminohydrolase_c0	Unknown	Unknown	None	(1) cpd00367[c0] + (1) cpd00067[c0] + (1) cpd00001[c0] => (1) cpd00249[c0] + (1) cpd00013[c0]
rxn02187_c0	<=>	c0	AAA023D18.genome.CDS.1359	2-Acetolactate methylmutase_c0	Unknown	Unknown	None	(1) cpd00668[c0] <=> (1) cpd02569[c0]
rxn08309_c0	<=>	c0	AAA023D18.genome.CDS.1347	CDP-diacylglycerol synthetase (n-C16:0)_c0	Unknown	Unknown	None	(1) cpd15524[c0] + (1) cpd00052[c0] <=> (1) cpd00012[c0] + (1) cpd15419[c0]
rxn03892_c0	=>	c0	AAA023D18.genome.CDS.1276	PPTT_c0	Unknown	Unknown	None	(1) cpd02591[c0] + (1) cpd00113[c0] => (1) cpd00906[c0] + (1) cpd00012[c0]
rxn05461_c0	<=>	c0	(AAA023D18.genome.CDS.939) or (AAA023D18.genome.CDS.1418) or (AAA023D18.genome.CDS.1100) or (AAA023D18.genome.CDS.940) or (AAA023D18.genome.CDS.926) or (AAA023D18.genome.CDS.1018)	3-Hydroxyoctodecanoyl-ACP:NADP+ oxidoreductase_c0	Unknown	Unknown	None	(1) cpd00067[c0] + (1) cpd11570[c0] + (1) cpd00005[c0] <=> (1) cpd00006[c0] + (1) cpd11571[c0]
rxn08312_c0	<=>	c0	AAA023D18.genome.CDS.1347	CDP-diacylglycerol synthetase (n-C18:1)_c0	Unknown	Unknown	None	(1) cpd15527[c0] + (1) cpd00052[c0] <=> (1) cpd15420[c0] + (1) cpd00012[c0]
rxn00772_c0	<=>	c0	AAA023D18.genome.CDS.936	ATP:D-ribose 5-phosphotransferase_c0	Unknown	Unknown	None	(1) cpd00105[c0] + (1) cpd00002[c0] <=> (1) cpd00008[c0] + (1) cpd00101[c0]
rxn05368_c0	<=>	c0	(AAA023D18.genome.CDS.939) or (AAA023D18.genome.CDS.1418) or (AAA023D18.genome.CDS.1100) or (AAA023D18.genome.CDS.940) or (AAA023D18.genome.CDS.926) or (AAA023D18.genome.CDS.1018)	8-methyl-3-oxo-decanoyl-ACP:NADP+ oxidoreductase_c0	Unknown	Unknown	None	(1) cpd00067[c0] + (1) cpd11504[c0] + (1) cpd00005[c0] <=> (1) cpd00006[c0] + (1) cpd11505[c0]
rxn03869_c0	=>	c0	AAA023D18.genome.CDS.1489	Acylamide aminohydrolase_c0	Unknown	Unknown	None	(1) cpd00001[c0] + (1) cpd06707[c0] => (1) cpd00013[c0] + (1) cpd00153[c0]
rxn01000_c0	=>	c0	AAA023D18.genome.CDS.843	Prephenate hydro-lyase (decarboxylating)_c0	Unknown	Unknown	None	(1) cpd00219[c0] + (1) cpd00067[c0] => (1) cpd00001[c0] + (1) cpd00011[c0] + (1) cpd00143[c0]
rxn00675_c0	=>	c0	AAA023D18.genome.CDS.884	Propinol adenylate:CoA ligase (AMP-forming)_c0	Unknown	Unknown	None	(1) cpd00010[c0] + (1) cpd03560[c0] => (1) cpd00086[c0] + (1) cpd00018[c0]
rxn01138_c0	<=>	c0	AAA023D18.genome.CDS.1158	Adenosine:orthophosphate ribosyltransferase_c0	Unknown	Unknown	None	(1) cpd00067[c0] + (1) cpd00182[c0] + (1) cpd00009[c0] <=> (1) cpd00475[c0] + (1) cpd00128[c0]
rxn10211_c0	=>	c0	AAA023D18.genome.CDS.1331	palmitoyl-1-acylglycerol-3-phosphate O-acyltransferase_c0	Unknown	Unknown	None	(1) cpd00134[c0] + (1) cpd15327[c0] => (1) cpd15524[c0] + (1) cpd00010[c0]
rxn12641_c0	<=>	c0	(AAA023D18.genome.CDS.1140) or (AAA023D18.genome.CDS.1209)	aminopeptidase_c0	Unknown	Unknown	None	(1) cpd00001[c0] + (1) cpd11585[c0] <=> (1) cpd00035[c0] + (1) cpd00033[c0]
rxn10315_c0	<=>	c0	AAA023D18.genome.CDS.895	isohexadecanoyl-lipoteichoic acid synthesis (n=24), linked, N-acetylglucosamine substituted_c0	Unknown	Unknown	None	(1) cpd15754[c0] + (24) cpd00037[c0] <=> (24) cpd00014[c0] + (1) cpd15772[c0]
rxn00239_c0	<=>	c0	AAA023D18.genome.CDS.1420	ATP:(d)GMP phosphotransferase_c0	Unknown	Unknown	None	(1) cpd00002[c0] + (1) cpd00126[c0] <=> (1) cpd00008[c0] + (1) cpd00031[c0]
rxn05418_c0	<=>	c0	(AAA023D18.genome.CDS.939) or (AAA023D18.genome.CDS.1418) or (AAA023D18.genome.CDS.1100) or (AAA023D18.genome.CDS.940) or (AAA023D18.genome.CDS.926) or (AAA023D18.genome.CDS.1018)	8-methyl-3-oxo-nonanoyl-ACP:NADP+ oxidoreductase_c0	Unknown	Unknown	None	(1) cpd11554[c0] + (1) cpd00067[c0] + (1) cpd00005[c0] <=> (1) cpd11555[c0] + (1) cpd00006[c0]
rxn00711_c0	<=	c0	(AAA023D18.genome.CDS.862) and ()	UMP:pyrophosphate phosphoribosyltransferase_c0	Unknown	Unknown	None	(1) cpd00091[c0] + (1) cpd00012[c0] <= (1) cpd00092[c0] + (1) cpd00103[c0]
rxn10309_c0	<=>	c0	AAA023D18.genome.CDS.895	stearoyl-lipoteichoic acid synthesis (n=24), linked, N-acetylglucosamine substituted_c0	Unknown	Unknown	None	(1) cpd15748[c0] + (24) cpd00037[c0] <=> (24) cpd00014[c0] + (1) cpd15766[c0]
rxn12633_c0	<=>	c0	(AAA023D18.genome.CDS.1140) or (AAA023D18.genome.CDS.1209)	aminopeptidase_c0	Unknown	Unknown	None	(1) cpd00001[c0] + (1) cpd11593[c0] <=> (1) cpd00041[c0] + (1) cpd00035[c0]
rxn05250_c0	=>	c0	AAA023D18.genome.CDS.1327	FACOAL160(ISO)_c0	Unknown	Unknown	None	(1) cpd00067[c0] + (1) cpd00002[c0] + (1) cpd11440[c0] + (1) cpd00010[c0] => (1) cpd00018[c0] + (1) cpd00012[c0] + (1) cpd11441[c0]
rxn00499_c0	<=>	c0	(AAA023D18.genome.CDS.927) or (AAA023D18.genome.CDS.1273)	(S)-Lactate:NAD+ oxidoreductase_c0	Unknown	Unknown	None	(1) cpd00159[c0] + (1) cpd00003[c0] <=> (1) cpd00067[c0] + (1) cpd00020[c0] + (1) cpd00004[c0]
rxn05024_c0	=>	c0	AAA023D18.genome.CDS.1296	rxn05024_c0	Unknown	Unknown	None	(1) cpd00067[c0] + (1) cpd02021[c0] => (1) cpd00001[c0] + (1) cpd11217[c0]
rxn03174_c0	<=	c0	AAA023D18.genome.CDS.764	2-Amino-4-hydroxy-6-(erythro-1,2,3-trihydroxypropyl)_c0	Unknown	Unknown	None	(1) cpd00001[c0] + (1) cpd02978[c0] <= (1) cpd03666[c0]
rxn00763_c0	<=>	c0	AAA023D18.genome.CDS.1532	Glycerol:NAD+ oxidoreductase_c0	Unknown	Unknown	None	(1) cpd00003[c0] + (1) cpd00100[c0] <=> (1) cpd00067[c0] + (1) cpd00004[c0] + (1) cpd00448[c0]
rxn05393_c0	<=>	c0	(AAA023D18.genome.CDS.939) or (AAA023D18.genome.CDS.1418) or (AAA023D18.genome.CDS.1100) or (AAA023D18.genome.CDS.940) or (AAA023D18.genome.CDS.926) or (AAA023D18.genome.CDS.1018)	9-methyl-3-oxo-decanoyl-ACP:NADP+ oxidoreductase_c0	Unknown	Unknown	None	(1) cpd11529[c0] + (1) cpd00067[c0] + (1) cpd00005[c0] <=> (1) cpd00006[c0] + (1) cpd11530[c0]
rxn00338_c0	=>	c0	AAA023D18.genome.CDS.759	L-aspartate oxidase_c0	Unknown	Unknown	None	(1) cpd00041[c0] + (1) cpd00007[c0] => (1) cpd00067[c0] + (1) cpd03470[c0] + (1) cpd00025[c0]
rxn02831_c0	=>	c0	AAA023D18.genome.CDS.1297	O-Succinylbenzoate:CoA ligase (AMP-forming)_c0	Unknown	Unknown	None	(1) cpd01772[c0] + (1) cpd00067[c0] + (1) cpd00002[c0] + (1) cpd00010[c0] => (1) cpd00018[c0] + (1) cpd02021[c0] + (1) cpd00012[c0]
rxn03136_c0	<=>	c0	AAA023D18.genome.CDS.886	1-(5'-Phosphoribosyl)-5-amino-4-(N-succinocarboxamide)-imidazole_c0	Unknown	Unknown	None	(1) cpd02921[c0] <=> (1) cpd02851[c0] + (1) cpd00106[c0]
rxn01137_c0	=>	c0	(AAA023D18.genome.CDS.1163) or (AAA023D18.genome.CDS.741)	Adenosine aminohydrolase_c0	Unknown	Unknown	None	(1) cpd00067[c0] + (1) cpd00001[c0] + (1) cpd00182[c0] => (1) cpd00246[c0] + (1) cpd00013[c0]
rxn00216_c0	<=>	c0	AAA023D18.genome.CDS.1333	ATP:D-glucose 6-phosphotransferase_c0	Unknown	Unknown	None	(1) cpd00027[c0] + (1) cpd00002[c0] <=> (1) cpd00079[c0] + (1) cpd00008[c0]
rxn00988_c0	=>	c0	(AAA023D18.genome.CDS.1327) and ()	Acetoacetate:CoA ligase (AMP-forming)_c0	Unknown	Unknown	None	(1) cpd00067[c0] + (1) cpd00002[c0] + (1) cpd00142[c0] + (1) cpd00010[c0] => (1) cpd00018[c0] + (1) cpd00012[c0] + (1) cpd00279[c0]
rxn00726_c0	=>	c0	(AAA023D18.genome.CDS.839) and (AAA023D18.genome.CDS.1088)	Chorismate pyruvate-lyase (amino-accepting)_c0	Unknown	Unknown	None	(1) cpd00013[c0] + (1) cpd00216[c0] => (1) cpd00067[c0] + (1) cpd00020[c0] + (1) cpd00001[c0] + (1) cpd00093[c0]
rxn05287_c0	=>	c0	AAA023D18.genome.CDS.1276	GGTT_c0	Unknown	Unknown	None	(1) cpd00113[c0] + (1) cpd00289[c0] => (1) cpd02591[c0] + (1) cpd00012[c0]
rxn10218_c0	=>	c0	AAA023D18.genome.CDS.1331	anteisopentadecanoyl-1-acylglycerol-3-phosphate O-acyltransferase_c0	Unknown	Unknown	None	(1) cpd11439[c0] + (1) cpd15675[c0] => (1) cpd15681[c0] + (1) cpd00010[c0]
rxn01211_c0	<=>	c0	(AAA023D18.genome.CDS.1176) and (AAA023D18.genome.CDS.1176)	5,10-Methenyltetrahydrofolate 5-hydrolase(decyclizing)_c0	Unknown	Unknown	None	(1) cpd00001[c0] + (1) cpd00347[c0] <=> (1) cpd00201[c0] + (1) cpd00067[c0]
rxn03884_c0	<=>	c0	(AAA023D18.genome.CDS.924) and (AAA023D18.genome.CDS.924)	2-dehydro-3-deoxy-D-gluconate-6-phosphate_c0	Unknown	Unknown	None	(1) cpd02711[c0] <=> (1) cpd00102[c0] + (1) cpd00020[c0]
rxn00184_c0	<=>	c0	AAA023D18.genome.CDS.1125	L-Glutamate:NADP+ oxidoreductase (deaminating)_c0	Unknown	Unknown	None	(1) cpd00006[c0] + (1) cpd00001[c0] + (1) cpd00023[c0] <=> (1) cpd00067[c0] + (1) cpd00013[c0] + (1) cpd00024[c0] + (1) cpd00005[c0]
rxn00650_c0	<=>	c0	(AAA023D18.genome.CDS.1140) or (AAA023D18.genome.CDS.1209)	membrane alanyl aminopeptidase_c0	Unknown	Unknown	None	(1) cpd00001[c0] + (1) cpd01017[c0] <=> (1) cpd00084[c0] + (1) cpd00033[c0]
rxn00836_c0	<=	c0	AAA023D18.genome.CDS.766	IMP:pyrophosphate phosphoribosyltransferase_c0	Unknown	Unknown	None	(1) cpd00114[c0] + (1) cpd00012[c0] <= (1) cpd00226[c0] + (1) cpd00103[c0]
rxn00776_c0	=>	c0	() and (AAA023D18.genome.CDS.1202)	Uracil hydro-lyase (adding D-ribose 5-phosphate)_c0	Unknown	Unknown	None	(1) cpd00092[c0] + (1) cpd00101[c0] => (1) cpd00001[c0] + (1) cpd00859[c0]
rxn12646_c0	<=>	c0	(AAA023D18.genome.CDS.1140) or (AAA023D18.genome.CDS.1209)	aminopeptidase_c0	Unknown	Unknown	None	(1) cpd00001[c0] + (1) cpd11580[c0] <=> (1) cpd00053[c0] + (1) cpd00033[c0]
rxn09296_c0	=>	c0	AAA023D18.genome.CDS.816	hydrogen peroxide reductase (thioredoxin)_c0	Unknown	Unknown	None	(1) cpd11421[c0] + (1) cpd00025[c0] => (1) cpd11420[c0] + (2) cpd00001[c0]
rxn03194_c0	<=>	c0	(AAA023D18.genome.CDS.1353) and ()	(S)-2-Aceto-2-hydroxybutanoate pyruvate-lyase (carboxylating)_c0	Unknown	Unknown	None	(1) cpd03049[c0] + (1) cpd00094[c0] <=> (1) cpd00498[c0] + (1) cpd00056[c0]
rxn01360_c0	=>	c0	() and (AAA023D18.genome.CDS.1434)	(S)-Dihydroorotate:oxygen oxidoreductase_c0	Unknown	Unknown	None	(1) cpd00282[c0] + (1) cpd00007[c0] => (1) cpd00247[c0] + (1) cpd00025[c0]
rxn10222_c0	<=>	c0	AAA023D18.genome.CDS.1347	isotetradecanoyl-phosphatidate cytidylyltransferase_c0	Unknown	Unknown	None	(1) cpd15679[c0] + (1) cpd00052[c0] <=> (1) cpd15685[c0] + (1) cpd00012[c0]
rxn00758_c0	=>	c0	AAA023D18.genome.CDS.842	sn-Glycero-3-phosphocholine glycerophosphohydrolase_c0	Unknown	Unknown	None	(1) cpd00507[c0] + (1) cpd00001[c0] => (1) cpd00080[c0] + (1) cpd00098[c0]
rxn00328_c0	<=>	c0	(AAA023D18.genome.CDS.924) and (AAA023D18.genome.CDS.924)	4-Hydroxy-2-oxoglutarate glyoxylate-lyase_c0	Unknown	Unknown	None	(1) cpd00830[c0] <=> (1) cpd00020[c0] + (1) cpd00040[c0]
rxn05336_c0	<=>	c0	(AAA023D18.genome.CDS.939) or (AAA023D18.genome.CDS.1418) or (AAA023D18.genome.CDS.1100) or (AAA023D18.genome.CDS.940) or (AAA023D18.genome.CDS.926) or (AAA023D18.genome.CDS.1018)	(3R)-3-Hydroxypalmitoyl-[acyl-carrier-protein]:NADP+ oxidoreductase_c0	Unknown	Unknown	None	(1) cpd11481[c0] + (1) cpd00006[c0] <=> (1) cpd11485[c0] + (1) cpd00067[c0] + (1) cpd00005[c0]
rxn00441_c0	=>	c0	AAA023D18.genome.CDS.1369	2-Oxoglutarate:Thiamin diphosphate 2-oxidoreductase(decarboxylating_c0	Unknown	Unknown	None	(1) cpd00067[c0] + (1) cpd00024[c0] + (1) cpd00056[c0] => (1) cpd03189[c0] + (1) cpd00011[c0]
rxn01485_c0	<=>	c0	AAA023D18.genome.CDS.1199	D-Glucosamine 1-phosphate 1,6-phosphomutase_c0	Unknown	Unknown	None	(1) cpd03671[c0] <=> (1) cpd00288[c0]
rxn13784_c0	=>	c0	() and () and () and () and (AAA023D18.genome.CDS.1204) and () and () and (AAA023D18.genome.CDS.1303) and (AAA023D18.genome.CDS.1266) and () and ((AAA023D18.genome.CDS.1436) or (AAA023D18.genome.CDS.1265)) and () and ()	RNA transcription_c0	Unknown	Unknown	None	 => (1) cpd17043[c0]
rxn01987_c0	<=>	c0	AAA023D18.genome.CDS.936	Deoxyribokinase_c0	Unknown	Unknown	None	(1) cpd00510[c0] + (1) cpd00008[c0] <=> (1) cpd00002[c0] + (1) cpd01242[c0]
rxn05179_c0	=>	c0	(AAA023D18.genome.CDS.1076) or (AAA023D18.genome.CDS.1074) or ((AAA023D18.genome.CDS.1072) or (AAA023D18.genome.CDS.1194)) or ((AAA023D18.genome.CDS.1073) or (AAA023D18.genome.CDS.1195)) or ((AAA023D18.genome.CDS.1193) or (AAA023D18.genome.CDS.1075))	L-Isoleucine-ABC transport_c0	Unknown	Unknown	None	(1) cpd00002[c0] + (1) cpd00001[c0] + (1) cpd00322[e0] => (1) cpd00067[c0] + (1) cpd00009[c0] + (1) cpd00008[c0] + (1) cpd00322[c0]
rxn01123_c0	<=>	c0	AAA023D18.genome.CDS.923	ATP:2-dehydro-3-deoxy-D-gluconate 6-phosphotransferase_c0	Unknown	Unknown	None	(1) cpd00176[c0] + (1) cpd00002[c0] <=> (1) cpd02711[c0] + (1) cpd00008[c0]
rxn08086_c0	=>	c0	AAA023D18.genome.CDS.1331	1-hexadecanoyl-sn-glycerol 3-phosphate O-acyltransferase (n-C16:0)_c0	Unknown	Unknown	None	(1) cpd15327[c0] + (1) cpd15277[c0] => (1) cpd11493[c0] + (1) cpd15524[c0]
rxn01548_c0	<=>	c0	AAA023D18.genome.CDS.1158	guanosine:orthophosphate ribosyltransferase_c0	Unknown	Unknown	None	(1) cpd00067[c0] + (1) cpd00009[c0] + (1) cpd00311[c0] <=> (1) cpd00475[c0] + (1) cpd00207[c0]
rxn00785_c0	<=>	c0	AAA023D18.genome.CDS.1054	D-Fructose 6-phosphate:D-glyceraldehyde-3-phosphate glycolaldehyde_c0	Unknown	Unknown	None	(1) cpd00102[c0] + (1) cpd00072[c0] <=> (1) cpd00236[c0] + (1) cpd00198[c0]
rxn00011_c0	<=	c0	((AAA023D18.genome.CDS.1353) and ()) or ((AAA023D18.genome.CDS.1454) or (AAA023D18.genome.CDS.1528))	pyruvate:thiamin diphosphate acetaldehydetransferase_c0	Unknown	Unknown	None	(1) cpd03049[c0] + (1) cpd00011[c0] <= (1) cpd00067[c0] + (1) cpd00020[c0] + (1) cpd00056[c0]
rxn02222_c0	=>	c0	AAA023D18.genome.CDS.1489	Indole-3-acetamide amidohydrolase_c0	Unknown	Unknown	None	(1) cpd00001[c0] + (1) cpd01747[c0] => (1) cpd00013[c0] + (1) cpd00703[c0]
rxn00292_c0	=>	c0	AAA023D18.genome.CDS.897	UDP-N-acetyl-D-glucosamine 2-epimerase_c0	Unknown	Unknown	None	(1) cpd00001[c0] + (1) cpd00037[c0] => (1) cpd00014[c0] + (1) cpd00492[c0]
rxn05252_c0	=>	c0	AAA023D18.genome.CDS.1327	FACOAL170(ISO)_c0	Unknown	Unknown	None	(1) cpd00067[c0] + (1) cpd00002[c0] + (1) cpd00010[c0] + (1) cpd11431[c0] => (1) cpd00018[c0] + (1) cpd11432[c0] + (1) cpd00012[c0]
rxn00196_c0	=>	c0	AAA023D18.genome.CDS.1093	2,5-dioxopentanoate:NADP+ 5-oxidoreductase_c0	Unknown	Unknown	None	(1) cpd00340[c0] + (1) cpd00006[c0] + (1) cpd00001[c0] => (2) cpd00067[c0] + (1) cpd00024[c0] + (1) cpd00005[c0]
rxn08707_c0	<=>	c0	AAA023D18.genome.CDS.771	Heme O synthase_c0	Unknown	Unknown	None	(1) cpd00028[c0] + (1) cpd00001[c0] + (1) cpd00350[c0] <=> (1) cpd00012[c0] + (1) cpd11313[c0]
rxn01513_c0	<=>	c0	AAA023D18.genome.CDS.784	ATP:dTMP phosphotransferase_c0	Unknown	Unknown	None	(1) cpd00002[c0] + (1) cpd00298[c0] <=> (1) cpd00297[c0] + (1) cpd00008[c0]
rxn02476_c0	<=>	c0	AAA023D18.genome.CDS.1363	Phosphoenolpyruvate:3-phosphoshikimate_c0	Unknown	Unknown	None	(1) cpd02030[c0] + (1) cpd00061[c0] <=> (1) cpd00932[c0] + (1) cpd00067[c0] + (1) cpd00009[c0]
rxn01575_c0	<=>	c0	AAA023D18.genome.CDS.1356	L-Isoleucine:2-oxoglutarate aminotransferase_c0	Unknown	Unknown	None	(1) cpd00024[c0] + (1) cpd00322[c0] <=> (1) cpd00508[c0] + (1) cpd00023[c0]
rxn02342_c0	<=>	c0	(AAA023D18.genome.CDS.1454) or (AAA023D18.genome.CDS.1528)	2-(alpha-Hydroxyethyl)thiamine diphosphate:lipoamide_c0	Unknown	Unknown	None	(1) cpd00213[c0] + (1) cpd03049[c0] <=> (1) cpd00836[c0] + (1) cpd00056[c0]
rxn00781_c0	<=>	c0	AAA023D18.genome.CDS.1061	D-Glyceraldehyde-3-phosphate:NAD+ oxidoreductase(phosphorylating)_c0	Unknown	Unknown	None	(1) cpd00102[c0] + (1) cpd00009[c0] + (1) cpd00003[c0] <=> (1) cpd00004[c0] + (1) cpd00203[c0]
rxn00973_c0	<=>	c0	() and () and () and () and ((AAA023D18.genome.CDS.1312) or (AAA023D18.genome.CDS.563))	citrate hydro-lyase_c0	Unknown	Unknown	None	(1) cpd00137[c0] <=> (1) cpd00260[c0]
rxn00642_c0	=>	c0	AAA023D18.genome.CDS.874	GDPmannose 4,6-hydro-lyase_c0	Unknown	Unknown	None	(1) cpd00083[c0] => (1) cpd00001[c0] + (1) cpd00900[c0]
rxn01985_c0	<=>	c0	AAA023D18.genome.CDS.1158	Deoxyinosine:orthophosphate ribosyltransferase_c0	Unknown	Unknown	None	(1) cpd00067[c0] + (1) cpd03279[c0] + (1) cpd00009[c0] <=> (1) cpd00226[c0] + (1) cpd00509[c0]
rxn00515_c0	<=>	c0	AAA023D18.genome.CDS.1467	ATP:nucleoside-diphosphate phosphatransferase_c0	Unknown	Unknown	None	(1) cpd00002[c0] + (1) cpd00090[c0] <=> (1) cpd00068[c0] + (1) cpd00008[c0]
rxn00702_c0	<=>	c0	AAA023D18.genome.CDS.781	CTP:D-glucose-1-phosphate cytidylyltransferase_c0	Unknown	Unknown	None	(1) cpd00089[c0] + (1) cpd00052[c0] <=> (1) cpd00012[c0] + (1) cpd00390[c0]
rxn02186_c0	<=>	c0	AAA023D18.genome.CDS.1359	2,3-Dihydroxy-3-methylbutanoate:NADP+ oxidoreductase (isomerizing)_c0	Unknown	Unknown	None	(1) cpd00067[c0] + (1) cpd00668[c0] + (1) cpd00005[c0] <=> (1) cpd00006[c0] + (1) cpd02498[c0]
rxn01828_c0	=>	c0	AAA023D18.genome.CDS.1095	L-Arabinonate hydro-lyase_c0	Unknown	Unknown	None	(1) cpd00427[c0] => (1) cpd00001[c0] + (1) cpd00520[c0]
rxn12846_c0	<=>	c0	(AAA023D18.genome.CDS.1140) or (AAA023D18.genome.CDS.1209)	Gly-Phe aminopeptidase_c0	Unknown	Unknown	None	(1) cpd15605[c0] + (1) cpd00001[c0] <=> (1) cpd00066[c0] + (1) cpd00033[c0]
rxn05161_c0	=>	c0	(AAA023D18.genome.CDS.1076) or (AAA023D18.genome.CDS.1074) or ((AAA023D18.genome.CDS.1072) or (AAA023D18.genome.CDS.1194)) or ((AAA023D18.genome.CDS.1073) or (AAA023D18.genome.CDS.1195)) or ((AAA023D18.genome.CDS.1193) or (AAA023D18.genome.CDS.1075))	L-Leucine-ABC transport_c0	Unknown	Unknown	None	(1) cpd00002[c0] + (1) cpd00001[c0] + (1) cpd00107[e0] => (1) cpd00067[c0] + (1) cpd00009[c0] + (1) cpd00008[c0] + (1) cpd00107[c0]
rxn05201_c0	<=>	c0	(AAA023D18.genome.CDS.1492) or (AAA023D18.genome.CDS.1432)	Hypoxanthine ion-coupled transport_c0	Unknown	Unknown	None	(1) cpd00226[e0] + (1) cpd00067[e0] <=> (1) cpd00226[c0] + (1) cpd00067[c0]
rxn08976_c0	=>	c0	AAA023D18.genome.CDS.1249	NADH dehydrogenase (demethylmenaquinone-8 & 0 protons)_c0	Unknown	Unknown	None	(1) cpd00067[c0] + (1) cpd00004[c0] + (1) cpd15352[c0] => (1) cpd00003[c0] + (1) cpd15353[c0]
rxn01331_c0	=>	c0	AAA023D18.genome.CDS.1061	D-erythrose 4-phosphate:NAD+ oxidoreductase_c0	Unknown	Unknown	None	(1) cpd00236[c0] + (1) cpd00001[c0] + (1) cpd00003[c0] => (2) cpd00067[c0] + (1) cpd00004[c0] + (1) cpd02147[c0]
rxn10042_c0	<=>	c0	() and () and () and () and () and () and () and () and (AAA023D18.genome.CDS.1542)	ATP synthase (four protons for one ATP)_c0	Unknown	Unknown	None	(4) cpd00067[e0] + (1) cpd00009[c0] + (1) cpd00008[c0] <=> (1) cpd00002[c0] + (3) cpd00067[c0] + (1) cpd00001[c0]
rxn00800_c0	<=>	c0	AAA023D18.genome.CDS.886	N6-(1,2-Dicarboxyethyl)AMP AMP-lyase_c0	Unknown	Unknown	None	(1) cpd02375[c0] <=> (1) cpd00018[c0] + (1) cpd00106[c0]
rxn08792_c0	=>	c0	(AAA023D18.genome.CDS.927) or (AAA023D18.genome.CDS.1273)	L-Lactate dehydrogenase (ubiquinone)_c0	Unknown	Unknown	None	(1) cpd15560[c0] + (1) cpd00159[c0] => (1) cpd15561[c0] + (1) cpd00020[c0]
rxn05426_c0	<=>	c0	(AAA023D18.genome.CDS.939) or (AAA023D18.genome.CDS.1418) or (AAA023D18.genome.CDS.1100) or (AAA023D18.genome.CDS.940) or (AAA023D18.genome.CDS.926) or (AAA023D18.genome.CDS.1018)	12-methyl-3-oxo-tridecanoyl-ACP:NADP+ oxidoreductase_c0	Unknown	Unknown	None	(1) cpd11562[c0] + (1) cpd00067[c0] + (1) cpd00005[c0] <=> (1) cpd00006[c0] + (1) cpd11563[c0]
rxn05364_c0	<=>	c0	(AAA023D18.genome.CDS.939) or (AAA023D18.genome.CDS.1418) or (AAA023D18.genome.CDS.1100) or (AAA023D18.genome.CDS.940) or (AAA023D18.genome.CDS.926) or (AAA023D18.genome.CDS.1018)	6-methyl-3-oxo-octanoyl-ACP:NADP+ oxidoreductase_c0	Unknown	Unknown	None	(1) cpd00067[c0] + (1) cpd11500[c0] + (1) cpd00005[c0] <=> (1) cpd11501[c0] + (1) cpd00006[c0]
rxn00863_c0	=>	c0	AAA023D18.genome.CDS.1004	L-Histidinal:NAD+ oxidoreductase_c0	Unknown	Unknown	None	(1) cpd01324[c0] + (1) cpd00001[c0] + (1) cpd00003[c0] => (2) cpd00067[c0] + (1) cpd00119[c0] + (1) cpd00004[c0]
rxn00209_c0	=>	c0	AAA023D18.genome.CDS.1257	Pyridoxine 5-phosphate:oxygen oxidoreductase (deaminating)_c0	Unknown	Unknown	None	(1) cpd00007[c0] + (1) cpd00478[c0] => (1) cpd00016[c0] + (1) cpd00025[c0]
rxn01800_c0	=>	c0	AAA023D18.genome.CDS.1165	Deoxycytidine aminohydrolase_c0	Unknown	Unknown	None	(1) cpd00067[c0] + (1) cpd00001[c0] + (1) cpd00654[c0] => (1) cpd00412[c0] + (1) cpd00013[c0]
rxn10217_c0	=>	c0	AAA023D18.genome.CDS.1331	isopentadecanoyl-1-acylglycerol-3-phosphate O-acyltransferase_c0	Unknown	Unknown	None	(1) cpd15674[c0] + (1) cpd11437[c0] => (1) cpd15680[c0] + (1) cpd00010[c0]
rxn09449_c0	=>	c0	AAA023D18.genome.CDS.1327	fatty-acid--CoA ligase (octadecanoate)_c0	Unknown	Unknown	None	(1) cpd01080[c0] + (1) cpd00067[c0] + (1) cpd00002[c0] + (1) cpd00010[c0] => (1) cpd00018[c0] + (1) cpd00012[c0] + (1) cpd00327[c0]
rxn03436_c0	<=>	c0	AAA023D18.genome.CDS.1359	(S)-2-Aceto-2-hydroxybutanoate:NADP+ oxidoreductase (isomerizing)_c0	Unknown	Unknown	None	(1) cpd00498[c0] <=> (1) cpd10162[c0]
rxn05430_c0	<=>	c0	(AAA023D18.genome.CDS.939) or (AAA023D18.genome.CDS.1418) or (AAA023D18.genome.CDS.1100) or (AAA023D18.genome.CDS.940) or (AAA023D18.genome.CDS.926) or (AAA023D18.genome.CDS.1018)	14-methyl-3-oxo-pentadecanoyl-ACP:NADP+ oxidoreductase_c0	Unknown	Unknown	None	(1) cpd00067[c0] + (1) cpd11566[c0] + (1) cpd00005[c0] <=> (1) cpd00006[c0] + (1) cpd11567[c0]
rxn03248_c0	<=>	c0	AAA023D18.genome.CDS.1316	Hexanoyl-CoA:acetyl-CoA C-acyltransferase_c0	Unknown	Unknown	None	(1) cpd03124[c0] + (1) cpd00022[c0] <=> (1) cpd03121[c0] + (1) cpd00010[c0]
rxn08307_c0	<=>	c0	AAA023D18.genome.CDS.1347	CDP-diacylglycerol synthetase (n-C14:0)_c0	Unknown	Unknown	None	(1) cpd15522[c0] + (1) cpd00052[c0] <=> (1) cpd15423[c0] + (1) cpd00012[c0]
rxn02201_c0	=>	c0	AAA023D18.genome.CDS.763	2-Amino-4-hydroxy-6-hydroxymethyl-7,8-dihydropteridine-_c0	Unknown	Unknown	None	(1) cpd02920[c0] + (1) cpd00443[c0] => (1) cpd00683[c0] + (1) cpd00012[c0]
rxn05555_c0	=>	c0		iron (II) transport via ABC system_c0	Unknown	Unknown	None	(1) cpd00002[c0] + (1) cpd00001[c0] + (1) cpd10515[e0] => (1) cpd00067[c0] + (1) cpd00009[c0] + (1) cpd10515[c0] + (1) cpd00008[c0]
rxn02159_c0	<=>	c0	AAA023D18.genome.CDS.1004	L-Histidinol:NAD+ oxidoreductase_c0	Unknown	Unknown	None	(1) cpd00641[c0] + (1) cpd00003[c0] <=> (1) cpd01324[c0] + (1) cpd00067[c0] + (1) cpd00004[c0]
rxn00727_c0	=>	c0	(AAA023D18.genome.CDS.839) and (AAA023D18.genome.CDS.1088)	Chorismate pyruvate-lyase (amino-accepting)_c0	Unknown	Unknown	None	(1) cpd00053[c0] + (1) cpd00216[c0] => (1) cpd00067[c0] + (1) cpd00020[c0] + (1) cpd00023[c0] + (1) cpd00093[c0]
rxn03891_c0	=>	c0	AAA023D18.genome.CDS.1276	trans-hexaprenyltranstransferase_c0	Unknown	Unknown	None	(1) cpd00906[c0] + (1) cpd00113[c0] => (1) cpd02590[c0] + (1) cpd00012[c0]
rxn02914_c0	<=>	c0	AAA023D18.genome.CDS.1256	3-Phosphoserine:2-oxoglutarate aminotransferase_c0	Unknown	Unknown	None	(1) cpd00738[c0] + (1) cpd00024[c0] <=> (1) cpd02069[c0] + (1) cpd00023[c0]
rxn00175_c0	<=>	c0	AAA023D18.genome.CDS.884	Acetate:CoA ligase (AMP-forming)_c0	Unknown	Unknown	None	(1) cpd00067[c0] + (1) cpd00002[c0] + (1) cpd00029[c0] + (1) cpd00010[c0] <=> (1) cpd00018[c0] + (1) cpd00012[c0] + (1) cpd00022[c0]
rxn01647_c0	<=>	c0	AAA023D18.genome.CDS.1158	Nicotinate D-ribonucleoside:orthophosphate ribosyltransferase_c0	Unknown	Unknown	None	(1) cpd03471[c0] + (1) cpd00009[c0] <=> (1) cpd00475[c0] + (1) cpd00218[c0]
rxn01146_c0	<=>	c0	AAA023D18.genome.CDS.1164	Thymidine:orthophosphate deoxyribosyltransferase_c0	Unknown	Unknown	None	(1) cpd00067[c0] + (1) cpd00184[c0] + (1) cpd00009[c0] <=> (1) cpd00151[c0] + (1) cpd00509[c0]
rxn12642_c0	<=>	c0	(AAA023D18.genome.CDS.1140) or (AAA023D18.genome.CDS.1209)	aminopeptidase_c0	Unknown	Unknown	None	(1) cpd00001[c0] + (1) cpd11584[c0] <=> (1) cpd00119[c0] + (1) cpd00035[c0]
rxn05247_c0	=>	c0	AAA023D18.genome.CDS.1327	FACOAL140(ISO)_c0	Unknown	Unknown	None	(1) cpd00067[c0] + (1) cpd00002[c0] + (1) cpd11430[c0] + (1) cpd00010[c0] => (1) cpd00018[c0] + (1) cpd00012[c0] + (1) cpd11435[c0]
rxn00986_c0	<=	c0	AAA023D18.genome.CDS.884	Propanoate:CoA ligase (AMP-forming)_c0	Unknown	Unknown	None	(1) cpd00067[c0] + (1) cpd00002[c0] + (1) cpd00141[c0] <= (1) cpd00012[c0] + (1) cpd03560[c0]
rxn01672_c0	=>	c0	AAA023D18.genome.CDS.834	dCTP aminohydrolase_c0	Unknown	Unknown	None	(1) cpd00067[c0] + (1) cpd00001[c0] + (1) cpd00356[c0] => (1) cpd00358[c0] + (1) cpd00013[c0]
rxn10473_c0	<=>	c0		chlorideion transport out via diffusion_c0	Unknown	Unknown	None	(1) cpd00099[e0] <=> (1) cpd00099[c0]
rxn08975_c0	=>	c0	AAA023D18.genome.CDS.1249	NADH dehydrogenase (ubiquinone-8 )_c0	Unknown	Unknown	None	(1) cpd00067[c0] + (1) cpd15560[c0] + (1) cpd00004[c0] => (1) cpd15561[c0] + (1) cpd00003[c0]
rxn01358_c0	<=>	c0	AAA023D18.genome.CDS.1158	inosine:orthophosphate ribosyltransferase_c0	Unknown	Unknown	None	(1) cpd00246[c0] + (1) cpd00067[c0] + (1) cpd00009[c0] <=> (1) cpd00475[c0] + (1) cpd00226[c0]
rxn03068_c0	<=>	c0	AAA023D18.genome.CDS.1359	(R)-2,3-Dihydroxy-3-methylbutanoate:NADP+ oxidoreductase_c0	Unknown	Unknown	None	(1) cpd00006[c0] + (1) cpd02498[c0] <=> (1) cpd00067[c0] + (1) cpd02569[c0] + (1) cpd00005[c0]
rxn08971_c0	=>	c0	AAA023D18.genome.CDS.1249	NADH dehydrogenase (menaquinone-8 & 0 protons)_c0	Unknown	Unknown	None	(1) cpd00067[c0] + (1) cpd00004[c0] + (1) cpd15500[c0] => (1) cpd00003[c0] + (1) cpd15499[c0]
rxn12634_c0	<=>	c0	(AAA023D18.genome.CDS.1140) or (AAA023D18.genome.CDS.1209)	aminopeptidase_c0	Unknown	Unknown	None	(1) cpd00001[c0] + (1) cpd11592[c0] <=> (1) cpd00023[c0] + (1) cpd00033[c0]
rxn00907_c0	<=>	c0	(AAA023D18.genome.CDS.1176) and (AAA023D18.genome.CDS.1176)	5,10-methylenetetrahydrofolate:NADP+ oxidoreductase_c0	Unknown	Unknown	None	(1) cpd00006[c0] + (1) cpd00125[c0] <=> (1) cpd00347[c0] + (1) cpd00005[c0]
rxn05410_c0	<=>	c0	(AAA023D18.genome.CDS.939) or (AAA023D18.genome.CDS.1418) or (AAA023D18.genome.CDS.1100) or (AAA023D18.genome.CDS.940) or (AAA023D18.genome.CDS.926) or (AAA023D18.genome.CDS.1018)	4-methyl-3-oxo-pentanoyl-ACP:NADP+ oxidoreductase_c0	Unknown	Unknown	None	(1) cpd00067[c0] + (1) cpd11546[c0] + (1) cpd00005[c0] <=> (1) cpd00006[c0] + (1) cpd11547[c0]
rxn01169_c0	<=>	c0	AAA023D18.genome.CDS.1333	ATP:D-glucose 6-phosphotransferase_c0	Unknown	Unknown	None	(1) cpd00002[c0] + (1) cpd00190[c0] <=> (1) cpd00863[c0] + (1) cpd00008[c0]
rxn00834_c0	<=>	c0	AAA023D18.genome.CDS.776	IMP:NAD+ oxidoreductase_c0	Unknown	Unknown	None	(1) cpd00114[c0] + (1) cpd00001[c0] + (1) cpd00003[c0] <=> (1) cpd00067[c0] + (1) cpd00497[c0] + (1) cpd00004[c0]
rxn12639_c0	<=>	c0	(AAA023D18.genome.CDS.1140) or (AAA023D18.genome.CDS.1209)	aminopeptidase_c0	Unknown	Unknown	None	(1) cpd00001[c0] + (1) cpd11587[c0] <=> (1) cpd00053[c0] + (1) cpd00035[c0]
rxn01761_c0	<=>	c0	AAA023D18.genome.CDS.1022	L-Rhamnose ketol-isomerase_c0	Unknown	Unknown	None	(1) cpd00396[c0] <=> (1) cpd00642[c0]
rxn09562_c0	<=>	c0	AAA023D18.genome.CDS.1420	guanylate kinase (GMP:dATP)_c0	Unknown	Unknown	None	(1) cpd00126[c0] + (1) cpd00115[c0] <=> (1) cpd00177[c0] + (1) cpd00031[c0]
rxn00799_c0	<=>	c0	(AAA023D18.genome.CDS.1511) or (AAA023D18.genome.CDS.1522)	(S)-Malate hydro-lyase_c0	Unknown	Unknown	None	(1) cpd00130[c0] <=> (1) cpd00001[c0] + (1) cpd00106[c0]
rxn02885_c0	<=	c0	AAA023D18.genome.CDS.1094	rxn02885_c0	Unknown	Unknown	None	(1) cpd01960[c0] <= (1) cpd03326[c0]
rxn00676_c0	<=>	c0	AAA023D18.genome.CDS.1316	Propanoyl-CoA:acetyl-CoA C-acyltransferase_c0	Unknown	Unknown	None	(1) cpd00086[c0] + (1) cpd00022[c0] <=> (1) cpd02124[c0] + (1) cpd00010[c0]
rxn01385_c0	<=>	c0	AAA023D18.genome.CDS.941	Xylitol:NAD+ 2-oxidoreductase (D-xylulose-forming)_c0	Unknown	Unknown	None	(1) cpd00003[c0] + (1) cpd00306[c0] <=> (1) cpd00067[c0] + (1) cpd00259[c0] + (1) cpd00004[c0]
rxn05248_c0	=>	c0	AAA023D18.genome.CDS.1327	FACOAL150(anteiso)_c0	Unknown	Unknown	None	(1) cpd00067[c0] + (1) cpd00002[c0] + (1) cpd11438[c0] + (1) cpd00010[c0] => (1) cpd00018[c0] + (1) cpd11439[c0] + (1) cpd00012[c0]
rxn00634_c0	<=>	c0	AAA023D18.genome.CDS.937	D-Glucitol:NAD+ 2-oxidoreductase_c0	Unknown	Unknown	None	(1) cpd00003[c0] + (1) cpd00588[c0] <=> (1) cpd00067[c0] + (1) cpd00004[c0] + (1) cpd00082[c0]
rxn10223_c0	<=>	c0	AAA023D18.genome.CDS.1347	isopentadecanoyl-phosphatidate cytidylyltransferase_c0	Unknown	Unknown	None	(1) cpd15680[c0] + (1) cpd00052[c0] <=> (1) cpd00012[c0] + (1) cpd15686[c0]
rxn01459_c0	=>	c0	(AAA023D18.genome.CDS.1514) or (AAA023D18.genome.CDS.1162) or (AAA023D18.genome.CDS.1102) or (AAA023D18.genome.CDS.1161)	4-Aminobutyraldehyde:NAD+ oxidoreductase_c0	Unknown	Unknown	None	(1) cpd00434[c0] + (1) cpd00006[c0] + (1) cpd00001[c0] => (2) cpd00067[c0] + (1) cpd00281[c0] + (1) cpd00005[c0]
rxn00256_c0	<=	c0	AAA023D18.genome.CDS.1258	Citrate oxaloacetate-lyase ((pro-3S)-CH2COO- -> acetyl-CoA)_c0	Unknown	Unknown	None	(1) cpd00137[c0] + (1) cpd00067[c0] + (1) cpd00010[c0] <= (1) cpd00032[c0] + (1) cpd00001[c0] + (1) cpd00022[c0]
rxn02503_c0	<=>	c0	AAA023D18.genome.CDS.761	ATP:2-amino-4-hydroxy-6-hydroxymethyl-7,8-dihydropteridine_c0	Unknown	Unknown	None	(1) cpd00954[c0] + (1) cpd00002[c0] <=> (1) cpd00018[c0] + (1) cpd02920[c0]
rxn03041_c0	=>	c0	AAA023D18.genome.CDS.1094	5-Oxopent-3-ene-1,2,5-tricarboxylate carboxy-lyase_c0	Unknown	Unknown	None	(1) cpd00067[c0] + (1) cpd02507[c0] => (1) cpd03326[c0] + (1) cpd00011[c0]
rxn00285_c0	<=>	c0	(AAA023D18.genome.CDS.1179) and (AAA023D18.genome.CDS.1178)	Succinate:CoA ligase (ADP-forming)_c0	Unknown	Unknown	None	(1) cpd00036[c0] + (1) cpd00002[c0] + (1) cpd00010[c0] <=> (1) cpd00078[c0] + (1) cpd00009[c0] + (1) cpd00008[c0]
rxn00547_c0	<=>	c0	AAA023D18.genome.CDS.1463	ATP:D-fructose 6-phosphotransferase_c0	Unknown	Unknown	None	(1) cpd00002[c0] + (1) cpd00082[c0] <=> (1) cpd00072[c0] + (1) cpd00008[c0]
rxn10307_c0	<=>	c0	AAA023D18.genome.CDS.895	palmitoyl-lipoteichoic acid synthesis (n=24), linked, N-acetylglucosamine substituted_c0	Unknown	Unknown	None	(1) cpd15746[c0] + (24) cpd00037[c0] <=> (24) cpd00014[c0] + (1) cpd15764[c0]
rxn08087_c0	=>	c0	AAA023D18.genome.CDS.1331	1-hexadec-7-enoyl-sn-glycerol 3-phosphate O-acyltransferase (n-C16:1)_c0	Unknown	Unknown	None	(1) cpd15239[c0] + (1) cpd15326[c0] => (1) cpd11493[c0] + (1) cpd15525[c0]
rxn03146_c0	<=>	c0	AAA023D18.genome.CDS.1483	UDP-3-O-acetylglucosamine deacetylase_c0	Unknown	Unknown	None	(1) cpd00001[c0] + (1) cpd02886[c0] <=> (1) cpd03584[c0] + (1) cpd00029[c0]
rxn00770_c0	<=>	c0	AAA023D18.genome.CDS.1392	ATP:D-ribose-5-phosphate pyrophosphotransferase_c0	Unknown	Unknown	None	(1) cpd00002[c0] + (1) cpd00101[c0] <=> (1) cpd00018[c0] + (1) cpd00103[c0]
rxn00145_c0	<=>	c0	(AAA023D18.genome.CDS.927) or (AAA023D18.genome.CDS.1273)	(S)-Lactate:ferricytochrome-c 2-oxidoreductase_c0	Unknown	Unknown	None	(1) cpd00159[c0] + (2) cpd00109[c0] <=> (2) cpd00067[c0] + (1) cpd00020[c0] + (2) cpd00110[c0]
rxn00182_c0	<=>	c0	AAA023D18.genome.CDS.1125	L-Glutamate:NAD+ oxidoreductase (deaminating)_c0	Unknown	Unknown	None	(1) cpd00001[c0] + (1) cpd00003[c0] + (1) cpd00023[c0] <=> (1) cpd00067[c0] + (1) cpd00013[c0] + (1) cpd00004[c0] + (1) cpd00024[c0]
rxn05028_c0	=>	c0	AAA023D18.genome.CDS.1276	(E)-octaprenyl-diphosphate:isopentenyl-diphosphate_c0	Unknown	Unknown	None	(1) cpd00113[c0] + (1) cpd02557[c0] => (1) cpd00012[c0] + (1) cpd02172[c0]
rxn02832_c0	<=	c0	AAA023D18.genome.CDS.1295	O-succinylbenzoate-CoA synthase_c0	Unknown	Unknown	None	(1) cpd01772[c0] + (1) cpd00001[c0] <= (1) cpd03451[c0]
rxn00543_c0	<=>	c0	AAA023D18.genome.CDS.1532	Ethanol:NAD+ oxidoreductase_c0	Unknown	Unknown	None	(1) cpd00363[c0] + (1) cpd00003[c0] <=> (1) cpd00067[c0] + (1) cpd00004[c0] + (1) cpd00071[c0]
rxn05206_c0	<=>	c0	AAA023D18.genome.CDS.1137	Potassium uptake_c0	Unknown	Unknown	None	(1) cpd00205[e0] <=> (1) cpd00205[c0]
rxn00102_c0	<=>	c0	AAA023D18.genome.CDS.831	Carbonic acid hydro-lyase_c0	Unknown	Unknown	None	(1) cpd00067[c0] + (1) cpd00242[c0] <=> (1) cpd00001[c0] + (1) cpd00011[c0]
rxn00126_c0	=>	c0	AAA023D18.genome.CDS.1423	ATP:L-methione S-adenosyltransferase_c0	Unknown	Unknown	None	(1) cpd00060[c0] + (1) cpd00002[c0] + (1) cpd00001[c0] => (1) cpd00009[c0] + (1) cpd00017[c0] + (1) cpd00012[c0]
rxn00414_c0	=>	c0	() and ((AAA023D18.genome.CDS.1530) or (AAA023D18.genome.CDS.1480))	Carbon-dioxide:L-glutamine amido-ligase (ADP-forming,_c0	Unknown	Unknown	None	(2) cpd00002[c0] + (1) cpd00001[c0] + (1) cpd00053[c0] + (1) cpd00242[c0] => (1) cpd00067[c0] + (1) cpd00009[c0] + (1) cpd00146[c0] + (1) cpd00023[c0] + (2) cpd00008[c0]
rxn05937_c0	<=>	c0	AAA023D18.genome.CDS.856	Ferredoxin:NADP+ oxidoreductase_c0	Unknown	Unknown	None	(1) cpd00067[c0] + (1) cpd00006[c0] + (1) cpd11620[c0] <=> (1) cpd11621[c0] + (1) cpd00005[c0]
rxn03445_c0	<=>	c0	AAA023D18.genome.CDS.1256	O-Phospho-4-hydroxy-L-threonine:2-oxoglutarate aminotransferase_c0	Unknown	Unknown	None	(1) cpd03607[c0] + (1) cpd00024[c0] <=> (1) cpd03606[c0] + (1) cpd00023[c0]
rxn10312_c0	<=>	c0	AAA023D18.genome.CDS.895	isotetradecanoyl-lipoteichoic acid synthesis (n=24), linked, N-acetylglucosamine substituted_c0	Unknown	Unknown	None	(1) cpd15751[c0] + (24) cpd00037[c0] <=> (24) cpd00014[c0] + (1) cpd15769[c0]
rxn05251_c0	=>	c0	AAA023D18.genome.CDS.1327	FACOAL170(anteiso)_c0	Unknown	Unknown	None	(1) cpd00067[c0] + (1) cpd00002[c0] + (1) cpd11433[c0] + (1) cpd00010[c0] => (1) cpd11434[c0] + (1) cpd00018[c0] + (1) cpd00012[c0]
rxn05516_c0	=>	c0	AAA023D18.genome.CDS.1361	cadmium transport out via ABC system_c0	Unknown	Unknown	None	(1) cpd00002[c0] + (1) cpd00001[c0] + (1) cpd01012[c0] => (1) cpd00067[c0] + (1) cpd00009[c0] + (1) cpd01012[e0] + (1) cpd00008[c0]
rxn02938_c0	=>	c0	AAA023D18.genome.CDS.1156	1-(5-Phospho-D-ribosyl)-5-amino-4-imidazolecarboxylate carboxy-lyase_c0	Unknown	Unknown	None	(1) cpd02893[c0] + (1) cpd00067[c0] => (1) cpd00011[c0] + (1) cpd02140[c0]
rxn05339_c0	<=>	c0	(AAA023D18.genome.CDS.939) or (AAA023D18.genome.CDS.1418) or (AAA023D18.genome.CDS.1100) or (AAA023D18.genome.CDS.940) or (AAA023D18.genome.CDS.926) or (AAA023D18.genome.CDS.1018)	(3R)-3-Hydroxybutanoyl-[acyl-carrier protein]:NADP+ oxidoreductase_c0	Unknown	Unknown	None	(1) cpd00006[c0] + (1) cpd11478[c0] <=> (1) cpd00067[c0] + (1) cpd11488[c0] + (1) cpd00005[c0]
rxn05736_c0	=>	c0	AAA023D18.genome.CDS.1327	fatty-acid--CoA ligase (tetradecanoate)_c0	Unknown	Unknown	None	(1) cpd00067[c0] + (1) cpd00002[c0] + (1) cpd03847[c0] + (1) cpd00010[c0] => (1) cpd01695[c0] + (1) cpd00018[c0] + (1) cpd00012[c0]
rxn05527_c0	<=>	c0	AAA023D18.genome.CDS.777	cytosine transport in via proton symport_c0	Unknown	Unknown	None	(1) cpd00307[e0] + (1) cpd00067[e0] <=> (1) cpd00307[c0] + (1) cpd00067[c0]
rxn00931_c0	<=>	c0	AAA023D18.genome.CDS.1415	L-Proline:NADP+ 5-oxidoreductase_c0	Unknown	Unknown	None	(1) cpd00006[c0] + (1) cpd00129[c0] <=> (1) cpd00067[c0] + (1) cpd02431[c0] + (1) cpd00005[c0]
rxn02465_c0	<=	c0	(AAA023D18.genome.CDS.1495) or (AAA023D18.genome.CDS.1035)	N-Acetyl-L-glutamate-5-semialdehyde:NADP+ 5-oxidoreductase_c0	Unknown	Unknown	None	(1) cpd00006[c0] + (1) cpd00918[c0] + (1) cpd00009[c0] <= (1) cpd02552[c0] + (1) cpd00005[c0]
rxn08335_c0	=>	c0	() and (AAA023D18.genome.CDS.1434)	dihydoorotic acid dehydrogenase (quinone8)_c0	Unknown	Unknown	None	(1) cpd15560[c0] + (1) cpd00282[c0] => (1) cpd15561[c0] + (1) cpd00247[c0]
rxn05957_c0	=>	c0	AAA023D18.genome.CDS.1524	O-Succinyl-L-homoserine succinate-lyase (adding cysteine)_c0	Unknown	Unknown	None	(1) cpd00239[c0] + (1) cpd00822[c0] => (1) cpd00067[c0] + (1) cpd00036[c0] + (1) cpd00135[c0]
rxn01257_c0	<=>	c0	(AAA023D18.genome.CDS.839) or (AAA023D18.genome.CDS.839)	chorismate:L-glutamine aminotransferase_c0	Unknown	Unknown	None	(1) cpd00053[c0] + (1) cpd00216[c0] <=> (1) cpd08210[c0] + (1) cpd00023[c0]
rxn05401_c0	<=>	c0	(AAA023D18.genome.CDS.939) or (AAA023D18.genome.CDS.1418) or (AAA023D18.genome.CDS.1100) or (AAA023D18.genome.CDS.940) or (AAA023D18.genome.CDS.926) or (AAA023D18.genome.CDS.1018)	13-methyl-3-oxo-tetra-decanoyl-ACP:NADP+ oxidoreductase_c0	Unknown	Unknown	None	(1) cpd11537[c0] + (1) cpd00067[c0] + (1) cpd00005[c0] <=> (1) cpd00006[c0] + (1) cpd11538[c0]
rxn01740_c0	<=>	c0	AAA023D18.genome.CDS.930	Shikimate:NADP+ 5-oxidoreductase_c0	Unknown	Unknown	None	(1) cpd00006[c0] + (1) cpd00383[c0] <=> (1) cpd00067[c0] + (1) cpd01716[c0] + (1) cpd00005[c0]
rxn12847_c0	<=>	c0	(AAA023D18.genome.CDS.1140) or (AAA023D18.genome.CDS.1209)	Gly-Try aminopeptidase_c0	Unknown	Unknown	None	(1) cpd00001[c0] + (1) cpd15606[c0] <=> (1) cpd00069[c0] + (1) cpd00033[c0]
rxn00083_c0	<=>	c0	((AAA023D18.genome.CDS.1376) or (AAA023D18.genome.CDS.1377)) or (AAA023D18.genome.CDS.1375)	NADPH:NAD+ oxidoreductase (B-specific)_c0	Unknown	Unknown	None	(1) cpd00003[c0] + (1) cpd00005[c0] <=> (1) cpd00006[c0] + (1) cpd00004[c0]
rxn05338_c0	<=>	c0	(AAA023D18.genome.CDS.939) or (AAA023D18.genome.CDS.1418) or (AAA023D18.genome.CDS.1100) or (AAA023D18.genome.CDS.940) or (AAA023D18.genome.CDS.926) or (AAA023D18.genome.CDS.1018)	(3R)-3-Hydroxydecanoyl-[acyl-carrier-protein]:NADP+ oxidoreductase_c0	Unknown	Unknown	None	(1) cpd11482[c0] + (1) cpd00006[c0] <=> (1) cpd00067[c0] + (1) cpd11487[c0] + (1) cpd00005[c0]
rxn00903_c0	<=>	c0	AAA023D18.genome.CDS.1356	L-Valine:2-oxoglutarate aminotransferase_c0	Unknown	Unknown	None	(1) cpd00024[c0] + (1) cpd00156[c0] <=> (1) cpd00123[c0] + (1) cpd00023[c0]
rxn00947_c0	=>	c0	AAA023D18.genome.CDS.1327	Palmitate:CoA ligase (AMP-forming)_c0	Unknown	Unknown	None	(1) cpd00067[c0] + (1) cpd00002[c0] + (1) cpd00214[c0] + (1) cpd00010[c0] => (1) cpd00134[c0] + (1) cpd00018[c0] + (1) cpd00012[c0]
rxn08088_c0	=>	c0	AAA023D18.genome.CDS.1331	1-octadecanoyl-sn-glycerol 3-phosphate O-acyltransferase (n-C18:0)_c0	Unknown	Unknown	None	(1) cpd15268[c0] + (1) cpd15329[c0] => (1) cpd11493[c0] + (1) cpd15526[c0]
rxn10343_c0	=>	c0	AAA023D18.genome.CDS.1361	Mercury (Hg+2) ABC transporter_c0	Unknown	Unknown	None	(1) cpd00002[c0] + (1) cpd00001[c0] + (1) cpd00531[c0] => (1) cpd00067[c0] + (1) cpd00009[c0] + (1) cpd00008[c0] + (1) cpd00531[e0]
rxn08793_c0	=>	c0	(AAA023D18.genome.CDS.927) or (AAA023D18.genome.CDS.1273)	L-Lactate dehydrogenase (menaquinone)_c0	Unknown	Unknown	None	(1) cpd00159[c0] + (1) cpd15500[c0] => (1) cpd00020[c0] + (1) cpd15499[c0]
rxn10310_c0	<=>	c0	AAA023D18.genome.CDS.895	isoheptadecanoyl-lipoteichoic acid synthesis (n=24), linked, N-acetylglucosamine substituted_c0	Unknown	Unknown	None	(1) cpd15749[c0] + (24) cpd00037[c0] <=> (1) cpd15767[c0] + (24) cpd00014[c0]
rxn00838_c0	=>	c0	AAA023D18.genome.CDS.885	IMP:L-aspartate ligase (GDP-forming)_c0	Unknown	Unknown	None	(1) cpd00114[c0] + (1) cpd00041[c0] + (1) cpd00038[c0] => (2) cpd00067[c0] + (1) cpd00009[c0] + (1) cpd02375[c0] + (1) cpd00031[c0]
rxn00297_c0	<=>	c0	AAA023D18.genome.CDS.897	UDP-N-acetyl-D-glucosamine 2-epimerase_c0	Unknown	Unknown	None	(1) cpd00037[c0] <=> (1) cpd00861[c0]
rxn05651_c0	<=>	c0		sulfate transport in via proton symport_c0	Unknown	Unknown	None	(1) cpd00067[e0] + (1) cpd00048[e0] <=> (1) cpd00067[c0] + (1) cpd00048[c0]
rxn01859_c0	<=>	c0	AAA023D18.genome.CDS.1158	Deoxyadenosine:orthophosphate ribosyltransferase_c0	Unknown	Unknown	None	(1) cpd00438[c0] + (1) cpd00067[c0] + (1) cpd00009[c0] <=> (1) cpd00128[c0] + (1) cpd00509[c0]
rxn00337_c0	<=>	c0	AAA023D18.genome.CDS.871	ATP:L-aspartate 4-phosphotransferase_c0	Unknown	Unknown	None	(1) cpd00067[c0] + (1) cpd00002[c0] + (1) cpd00041[c0] <=> (1) cpd01977[c0] + (1) cpd00008[c0]
rxn00777_c0	<=>	c0	AAA023D18.genome.CDS.1142	D-Ribose-5-phosphate ketol-isomerase_c0	Unknown	Unknown	None	(1) cpd00101[c0] <=> (1) cpd00171[c0]
rxn01512_c0	<=>	c0	AAA023D18.genome.CDS.1467	ATP:nucleoside-diphosphate phosphatransferase_c0	Unknown	Unknown	None	(1) cpd00002[c0] + (1) cpd00297[c0] <=> (1) cpd00357[c0] + (1) cpd00008[c0]
rxn01466_c0	=>	c0	AAA023D18.genome.CDS.1276	Geranyl-diphosphate:isopentenyl-diphosphate geranyltrans-transferase_c0	Unknown	Unknown	None	(1) cpd00113[c0] + (1) cpd00283[c0] => (1) cpd00012[c0] + (1) cpd00350[c0]
rxn02185_c0	<=>	c0	(AAA023D18.genome.CDS.1353) and ()	2-Acetolactate pyruvate-lyase (carboxylating)_c0	Unknown	Unknown	None	(1) cpd00668[c0] + (1) cpd00056[c0] <=> (1) cpd03049[c0] + (1) cpd00020[c0]
rxn01106_c0	<=>	c0	AAA023D18.genome.CDS.1224	2-Phospho-D-glycerate 2,3-phosphomutase_c0	Unknown	Unknown	None	(1) cpd00482[c0] <=> (1) cpd00169[c0]
rxn00784_c0	<=>	c0	AAA023D18.genome.CDS.1160	2-Deoxy-D-ribose-5-phosphate acetaldehyde-lyase_c0	Unknown	Unknown	None	(1) cpd00510[c0] <=> (1) cpd00102[c0] + (1) cpd00071[c0]
rxn02804_c0	<=>	c0	AAA023D18.genome.CDS.1316	myristoyl-CoA:acetylCoA C-myristoyltransferase_c0	Unknown	Unknown	None	(1) cpd01695[c0] + (1) cpd00022[c0] <=> (1) cpd03114[c0] + (1) cpd00010[c0]
rxn00293_c0	<=>	c0	(AAA023D18.genome.CDS.1393) and (AAA023D18.genome.CDS.1393)	UTP:N-acetyl-alpha-D-glucosamine-1-phosphate uridylyltransferase_c0	Unknown	Unknown	None	(1) cpd02611[c0] + (1) cpd00062[c0] <=> (1) cpd00012[c0] + (1) cpd00037[c0]
rxn00974_c0	<=>	c0	() and ((AAA023D18.genome.CDS.1312) or (AAA023D18.genome.CDS.563))	citrate hydro-lyase_c0	Unknown	Unknown	None	(1) cpd00137[c0] <=> (1) cpd00331[c0] + (1) cpd00001[c0]
rxn01646_c0	<=>	c0	AAA023D18.genome.CDS.1158	N-Ribosylnicotinamide:orthophosphate ribosyltransferase_c0	Unknown	Unknown	None	(1) cpd00009[c0] + (1) cpd02016[c0] <=> (1) cpd00475[c0] + (1) cpd00133[c0]
rxn09657_c0	<=>	c0	AAA023D18.genome.CDS.777	Thiamine transport in via proton symport_c0	Unknown	Unknown	None	(1) cpd00067[e0] + (1) cpd00305[e0] <=> (1) cpd00067[c0] + (1) cpd00305[c0]
rxn05735_c0	=>	c0	(AAA023D18.genome.CDS.1514) or (AAA023D18.genome.CDS.1162) or (AAA023D18.genome.CDS.1102) or (AAA023D18.genome.CDS.1161)	aldehyde dehydrogenase (aminoacetaldehyde, NAD)_c0	Unknown	Unknown	None	(1) cpd00001[c0] + (1) cpd00003[c0] + (1) cpd04122[c0] => (2) cpd00067[c0] + (1) cpd00004[c0] + (1) cpd00033[c0]
rxn12638_c0	=>	c0	(AAA023D18.genome.CDS.1140) or (AAA023D18.genome.CDS.1209)	aminopeptidase_c0	Unknown	Unknown	None	(1) cpd11588[c0] + (1) cpd00001[c0] => (1) cpd00067[c0] + (1) cpd00129[c0] + (1) cpd00033[c0]
rxn01843_c0	<=>	c0	AAA023D18.genome.CDS.1489	2-phenylacetamide amidohydrolase_c0	Unknown	Unknown	None	(1) cpd00067[c0] + (1) cpd00001[c0] + (1) cpd01647[c0] <=> (1) cpd00013[c0] + (1) cpd00430[c0]
rxn12643_c0	=>	c0	(AAA023D18.genome.CDS.1140) or (AAA023D18.genome.CDS.1209)	aminopeptidase_c0	Unknown	Unknown	None	(1) cpd00001[c0] + (1) cpd11583[c0] => (1) cpd00107[c0] + (1) cpd00035[c0]
rxn01750_c0	=>	c0	AAA023D18.genome.CDS.779	CDPglucose 4,6-hydro-lyase_c0	Unknown	Unknown	None	(1) cpd00390[c0] => (1) cpd00001[c0] + (1) cpd00897[c0]
rxn08306_c0	<=>	c0	AAA023D18.genome.CDS.1347	CDP-diacylglycerol synthetase (n-C12:0)_c0	Unknown	Unknown	None	(1) cpd15521[c0] + (1) cpd00052[c0] <=> (1) cpd00012[c0] + (1) cpd15417[c0]
rxn05360_c0	<=>	c0	(AAA023D18.genome.CDS.939) or (AAA023D18.genome.CDS.1418) or (AAA023D18.genome.CDS.1100) or (AAA023D18.genome.CDS.940) or (AAA023D18.genome.CDS.926) or (AAA023D18.genome.CDS.1018)	4-methyl-3-oxo-hexanoyl-ACP:NADP+ oxidoreductase_c0	Unknown	Unknown	None	(1) cpd11496[c0] + (1) cpd00067[c0] + (1) cpd00005[c0] <=> (1) cpd00006[c0] + (1) cpd11497[c0]
rxn03031_c0	<=	c0	AAA023D18.genome.CDS.1506	Succinyl-CoA:2,3,4,5-tetrahydropyridine-2,6-dicarboxylate_c0	Unknown	Unknown	None	(1) cpd00078[c0] + (1) cpd00001[c0] + (1) cpd02465[c0] <= (1) cpd00010[c0] + (1) cpd02724[c0]
rxn00148_c0	<=>	c0	AAA023D18.genome.CDS.1078	ATP:pyruvate O2-phosphotransferase_c0	Unknown	Unknown	None	(1) cpd00002[c0] + (1) cpd00020[c0] <=> (1) cpd00061[c0] + (1) cpd00008[c0]
rxn00214_c0	<=>	c0	(AAA023D18.genome.CDS.867) or (AAA023D18.genome.CDS.1245) or (AAA023D18.genome.CDS.790)	UDPglucose 4-epimerase_c0	Unknown	Unknown	None	(1) cpd00026[c0] <=> (1) cpd00043[c0]
rxn00874_c0	<=>	c0	AAA023D18.genome.CDS.1316	Acetyl-CoA:acetyl-CoA C-acetyltransferase_c0	Unknown	Unknown	None	(1) cpd00120[c0] + (1) cpd00022[c0] <=> (1) cpd00010[c0] + (1) cpd03123[c0]
rxn05197_c0	<=>	c0	AAA023D18.genome.CDS.777	Uracil ion-coupled transport_c0	Unknown	Unknown	None	(1) cpd00092[e0] + (1) cpd00067[e0] <=> (1) cpd00092[c0] + (1) cpd00067[c0]
rxn08085_c0	=>	c0	AAA023D18.genome.CDS.1331	1-tetradec-7-enoyl-sn-glycerol 3-phosphate O-acyltransferase (n-C14:1)_c0	Unknown	Unknown	None	(1) cpd15294[c0] + (1) cpd15330[c0] => (1) cpd11493[c0] + (1) cpd15523[c0]
rxn01352_c0	<=>	c0	AAA023D18.genome.CDS.907	dGTP triphosphohydrolase_c0	Unknown	Unknown	None	(1) cpd00241[c0] + (1) cpd00001[c0] <=> (1) cpd00067[c0] + (1) cpd00277[c0] + (1) cpd00421[c0]
rxn05289_c0	<=>	c0	AAA023D18.genome.CDS.817	TRDR_c0	Unknown	Unknown	None	(1) cpd11420[c0] + (1) cpd00067[c0] + (1) cpd00005[c0] <=> (1) cpd00006[c0] + (1) cpd11421[c0]
rxn01977_c0	<=>	c0	AAA023D18.genome.CDS.1056	alpha-D-Glucose 6-phosphate ketol-isomerase_c0	Unknown	Unknown	None	(1) cpd00079[c0] <=> (1) cpd00863[c0]
rxn09448_c0	=>	c0	AAA023D18.genome.CDS.1327	fatty-acid--CoA ligase (octadecenoate)_c0	Unknown	Unknown	None	(1) cpd15269[c0] + (1) cpd00067[c0] + (1) cpd00002[c0] + (1) cpd00010[c0] => (1) cpd00018[c0] + (1) cpd15274[c0] + (1) cpd00012[c0]
rxn01851_c0	=>	c0	(AAA023D18.genome.CDS.1345) or ((AAA023D18.genome.CDS.1514) or (AAA023D18.genome.CDS.1162) or (AAA023D18.genome.CDS.1102) or (AAA023D18.genome.CDS.1161))	4-aminobutanal:NAD+ 1-oxidoreductase_c0	Unknown	Unknown	None	(1) cpd00434[c0] + (1) cpd00001[c0] + (1) cpd00003[c0] => (2) cpd00067[c0] + (1) cpd00004[c0] + (1) cpd00281[c0]
rxn03421_c0	<=>	c0	AAA023D18.genome.CDS.764	GTP 7,8-8,9-dihydrolase_c0	Unknown	Unknown	None	(1) cpd03519[c0] <=> (1) cpd03666[c0]
rxn12635_c0	<=>	c0	(AAA023D18.genome.CDS.1140) or (AAA023D18.genome.CDS.1209)	aminopeptidase_c0	Unknown	Unknown	None	(1) cpd11591[c0] + (1) cpd00001[c0] <=> (1) cpd00060[c0] + (1) cpd00033[c0]
rxn10314_c0	<=>	c0	AAA023D18.genome.CDS.895	anteisopentadecanoyl-lipoteichoic acid synthesis (n=24), linked, N-acetylglucosamine substituted_c0	Unknown	Unknown	None	(1) cpd15753[c0] + (24) cpd00037[c0] <=> (24) cpd00014[c0] + (1) cpd15771[c0]
rxn08528_c0	<=>	c0	((AAA023D18.genome.CDS.848) and (AAA023D18.genome.CDS.847)) or (AAA023D18.genome.CDS.847)	fumarate reductase_c0	Unknown	Unknown	None	(1) cpd00106[c0] + (1) cpd15353[c0] <=> (1) cpd00036[c0] + (1) cpd15352[c0]
rxn01509_c0	<=>	c0	AAA023D18.genome.CDS.1420	ATP:(d)GMP phosphotransferase_c0	Unknown	Unknown	None	(1) cpd00296[c0] + (1) cpd00002[c0] <=> (1) cpd00295[c0] + (1) cpd00008[c0]
rxn05414_c0	<=>	c0	(AAA023D18.genome.CDS.939) or (AAA023D18.genome.CDS.1418) or (AAA023D18.genome.CDS.1100) or (AAA023D18.genome.CDS.940) or (AAA023D18.genome.CDS.926) or (AAA023D18.genome.CDS.1018)	6-methyl-3-oxo-heptanoyl-ACP:NADP+ oxidoreductase_c0	Unknown	Unknown	None	(1) cpd11550[c0] + (1) cpd00067[c0] + (1) cpd00005[c0] <=> (1) cpd00006[c0] + (1) cpd11551[c0]
rxn10481_c0	=>	c0	AAA023D18.genome.CDS.1361	Copper transport via ABC system_c0	Unknown	Unknown	None	(1) cpd00058[e0] + (1) cpd00002[c0] + (1) cpd00001[c0] => (1) cpd00058[c0] + (1) cpd00067[c0] + (1) cpd00009[c0] + (1) cpd00008[c0]
rxn10216_c0	=>	c0	AAA023D18.genome.CDS.1331	isotetradecanoyl-1-acylglycerol-3-phosphate O-acyltransferase_c0	Unknown	Unknown	None	(1) cpd15673[c0] + (1) cpd11435[c0] => (1) cpd00010[c0] + (1) cpd15679[c0]
rxn05405_c0	<=>	c0	(AAA023D18.genome.CDS.939) or (AAA023D18.genome.CDS.1418) or (AAA023D18.genome.CDS.1100) or (AAA023D18.genome.CDS.940) or (AAA023D18.genome.CDS.926) or (AAA023D18.genome.CDS.1018)	15-methyl-3-oxo-hexa-decanoyl-ACP:NADP+ oxidoreductase_c0	Unknown	Unknown	None	(1) cpd11541[c0] + (1) cpd00067[c0] + (1) cpd00005[c0] <=> (1) cpd00006[c0] + (1) cpd11542[c0]
rxn10344_c0	=>	c0	AAA023D18.genome.CDS.1361	Lead (Pb+2) ABC transporter_c0	Unknown	Unknown	None	(1) cpd00002[c0] + (1) cpd00001[c0] + (1) cpd04097[c0] => (1) cpd00067[c0] + (1) cpd00009[c0] + (1) cpd00008[c0] + (1) cpd04097[e0]
rxn10474_c0	<=>	c0	AAA023D18.genome.CDS.1124	cobalt transport in/out via permease (no H+)_c0	Unknown	Unknown	None	(1) cpd00149[c0] <=> (1) cpd00149[e0]
rxn01643_c0	<=	c0	AAA023D18.genome.CDS.872	L-Aspartate-4-semialdehyde:NADP+ oxidoreductase (phosphorylating)_c0	Unknown	Unknown	None	(1) cpd00006[c0] + (1) cpd00346[c0] + (1) cpd00009[c0] <= (1) cpd01977[c0] + (1) cpd00005[c0]
rxn01653_c0	=>	c0	AAA023D18.genome.CDS.1475	5-Formyltetrahydrofolate cyclo-ligase (ADP-forming)_c0	Unknown	Unknown	None	(1) cpd00002[c0] + (1) cpd02197[c0] => (1) cpd00347[c0] + (1) cpd00009[c0] + (1) cpd00008[c0]
rxn01362_c0	<=	c0	AAA023D18.genome.CDS.791	Orotidine-5'-phosphate:pyrophosphate phosphoribosyltransferase_c0	Unknown	Unknown	None	(1) cpd00012[c0] + (1) cpd00810[c0] <= (1) cpd00247[c0] + (1) cpd00103[c0]
rxn00231_c0	=>	c0	AAA023D18.genome.CDS.1489	Acetamide amidohydrolase_c0	Unknown	Unknown	None	(1) cpd00001[c0] + (1) cpd03734[c0] => (1) cpd00013[c0] + (1) cpd00029[c0]
rxn02402_c0	<=	c0	AAA023D18.genome.CDS.758	Nicotinate-nucleotide:pyrophosphate phosphoribosyltransferase_c0	Unknown	Unknown	None	(1) cpd00011[c0] + (1) cpd00873[c0] + (1) cpd00012[c0] <= (1) cpd02333[c0] + (2) cpd00067[c0] + (1) cpd00103[c0]
rxn03243_c0	<=>	c0	AAA023D18.genome.CDS.1316	Decanoyl-CoA:acetyl-CoA C-acyltransferase_c0	Unknown	Unknown	None	(1) cpd03128[c0] + (1) cpd00022[c0] <=> (1) cpd03117[c0] + (1) cpd00010[c0]
rxn10224_c0	<=>	c0	AAA023D18.genome.CDS.1347	anteisopentadecanoyl-phosphatidate cytidylyltransferase_c0	Unknown	Unknown	None	(1) cpd15681[c0] + (1) cpd00052[c0] <=> (1) cpd00012[c0] + (1) cpd15687[c0]
rxn01286_c0	=>	c0	(AAA023D18.genome.CDS.1514) or (AAA023D18.genome.CDS.1162) or (AAA023D18.genome.CDS.1102) or (AAA023D18.genome.CDS.1161)	D-Glyceraldehyde:NAD+ oxidoreductase_c0	Unknown	Unknown	None	(1) cpd00001[c0] + (1) cpd00003[c0] + (1) cpd00448[c0] => (2) cpd00067[c0] + (1) cpd00004[c0] + (1) cpd00223[c0]
rxn00199_c0	=>	c0	AAA023D18.genome.CDS.1173	Oxalosuccinate:NADP+ oxidoreductase (decarboxylating)_c0	Unknown	Unknown	None	(1) cpd00067[c0] + (1) cpd03187[c0] => (1) cpd00011[c0] + (1) cpd00024[c0]
rxn01019_c0	=>	c0	AAA023D18.genome.CDS.1378	Carbamoyl-phosphate:L-ornithine carbamoyltransferase_c0	Unknown	Unknown	None	(1) cpd00064[c0] + (1) cpd00146[c0] => (2) cpd00067[c0] + (1) cpd00009[c0] + (1) cpd00274[c0]
rxn08310_c0	<=>	c0	AAA023D18.genome.CDS.1347	CDP-diacylglycerol synthetase (n-C16:1)_c0	Unknown	Unknown	None	(1) cpd15525[c0] + (1) cpd00052[c0] <=> (1) cpd00012[c0] + (1) cpd15418[c0]
rxn12512_c0	=>	c0	AAA023D18.genome.CDS.1422	(R)-4'-Phosphopantothenate:L-cysteine ligase_c0	Unknown	Unknown	None	(1) cpd00002[c0] + (1) cpd00084[c0] + (1) cpd02201[c0] => (1) cpd00018[c0] + (1) cpd00012[c0] + (1) cpd02666[c0]
rxn09272_c0	<=>	c0	((AAA023D18.genome.CDS.848) and (AAA023D18.genome.CDS.847)) or (AAA023D18.genome.CDS.847)	succinate dehydrogenase (irreversible)_c0	Unknown	Unknown	None	(1) cpd00036[c0] + (1) cpd15560[c0] <=> (1) cpd15561[c0] + (1) cpd00106[c0]
rxn08040_c0	<=>	c0	AAA023D18.genome.CDS.895	UDP-N-acetylglucosamine:undecaprenylphosphate N-acetylglucosamine -1-phosphate transferase_c0	Unknown	Unknown	None	(1) cpd00037[c0] + (1) cpd00286[c0] <=> (1) cpd00091[c0] + (1) cpd00946[c0]
rxn08084_c0	=>	c0	AAA023D18.genome.CDS.1331	1-tetradecanoyl-sn-glycerol 3-phosphate O-acyltransferase (n-C14:0)_c0	Unknown	Unknown	None	(1) cpd15331[c0] + (1) cpd11466[c0] => (1) cpd15522[c0] + (1) cpd11493[c0]
rxn01329_c0	<=>	c0	AAA023D18.genome.CDS.1159	D-Mannose 6-phosphate 1,6-phosphomutase_c0	Unknown	Unknown	None	(1) cpd00235[c0] <=> (1) cpd00485[c0]
rxn01353_c0	<=>	c0	AAA023D18.genome.CDS.1467	ATP:nucleoside-diphosphate phosphatransferase_c0	Unknown	Unknown	None	(1) cpd00002[c0] + (1) cpd00295[c0] <=> (1) cpd00241[c0] + (1) cpd00008[c0]
rxn05667_c0	<=>	c0		Urea transport via facilitate diffusion_c0	Unknown	Unknown	None	(1) cpd00073[e0] <=> (1) cpd00073[c0]
rxn09450_c0	=>	c0	AAA023D18.genome.CDS.1327	fatty-acid--CoA ligase (hexadecenoate), peroxisomal_c0	Unknown	Unknown	None	(1) cpd00067[c0] + (1) cpd00002[c0] + (1) cpd15237[c0] + (1) cpd00010[c0] => (1) cpd15238[c0] + (1) cpd00018[c0] + (1) cpd00012[c0]
rxn01917_c0	<=>	c0	AAA023D18.genome.CDS.1034	ATP:N-acetyl-L-glutamate 5-phosphotransferase_c0	Unknown	Unknown	None	(1) cpd00067[c0] + (1) cpd00002[c0] + (1) cpd00477[c0] <=> (1) cpd02552[c0] + (1) cpd00008[c0]
rxn01100_c0	<=>	c0	AAA023D18.genome.CDS.1060	ATP:3-phospho-D-glycerate 1-phosphotransferase_c0	Unknown	Unknown	None	(1) cpd00067[c0] + (1) cpd00002[c0] + (1) cpd00169[c0] <=> (1) cpd00008[c0] + (1) cpd00203[c0]
rxn05389_c0	<=>	c0	(AAA023D18.genome.CDS.939) or (AAA023D18.genome.CDS.1418) or (AAA023D18.genome.CDS.1100) or (AAA023D18.genome.CDS.940) or (AAA023D18.genome.CDS.926) or (AAA023D18.genome.CDS.1018)	7-methyl-3-oxo-octanoyl-ACP:NADP+ oxidoreductase_c0	Unknown	Unknown	None	(1) cpd00067[c0] + (1) cpd11525[c0] + (1) cpd00005[c0] <=> (1) cpd00006[c0] + (1) cpd11526[c0]
rxn05163_c0	=>	c0	() and (AAA023D18.genome.CDS.1343) and (AAA023D18.genome.CDS.1342) and () and () and () and (AAA023D18.genome.CDS.1341)	Putrescine-ABC transport_c0	Unknown	Unknown	None	(1) cpd00118[e0] + (1) cpd00002[c0] + (1) cpd00001[c0] => (1) cpd00067[c0] + (1) cpd00118[c0] + (1) cpd00009[c0] + (1) cpd00008[c0]
rxn01603_c0	=>	c0	(AAA023D18.genome.CDS.1493) and (AAA023D18.genome.CDS.1493)	7,8-dihydropteroate:L-glutamate ligase (ADP-forming)_c0	Unknown	Unknown	None	(1) cpd00683[c0] + (1) cpd00002[c0] + (1) cpd00023[c0] => (1) cpd00067[c0] + (1) cpd00330[c0] + (1) cpd00009[c0] + (1) cpd00008[c0]
rxn00178_c0	<=>	c0	AAA023D18.genome.CDS.1316	Acetyl-CoA:acetyl-CoA C-acetyltransferase_c0	Unknown	Unknown	None	(2) cpd00022[c0] <=> (1) cpd00010[c0] + (1) cpd00279[c0]
rxn02339_c0	<=>	c0	(AAA023D18.genome.CDS.1443) or (AAA023D18.genome.CDS.1101)	4-Hydroxy-L-glutamate:2-oxoglutarate aminotransferase_c0	Unknown	Unknown	None	(1) cpd01974[c0] + (1) cpd00024[c0] <=> (1) cpd00830[c0] + (1) cpd00023[c0]
rxn01544_c0	<=	c0	AAA023D18.genome.CDS.766	XMP:pyrophosphate phosphoribosyltransferase_c0	Unknown	Unknown	None	(1) cpd00497[c0] + (1) cpd00012[c0] <= (1) cpd00309[c0] + (1) cpd00103[c0]
rxn00288_c0	<=	c0	(AAA023D18.genome.CDS.848) and () and (AAA023D18.genome.CDS.847)	Succinate:(acceptor) oxidoreductase_c0	Unknown	Unknown	None	(1) cpd00036[c0] + (1) cpd00015[c0] <= (1) cpd00982[c0] + (1) cpd00106[c0]
rxn01790_c0	<=>	c0	AAA023D18.genome.CDS.1359	(R)-Pantoate:NADP+ 2-oxidoreductase_c0	Unknown	Unknown	None	(1) cpd00006[c0] + (1) cpd00408[c0] <=> (1) cpd00067[c0] + (1) cpd00712[c0] + (1) cpd00005[c0]
rxn05528_c0	=>	c0	AAA023D18.genome.CDS.1361	Copper export via ATPase_c0	Unknown	Unknown	None	(1) cpd00058[c0] + (1) cpd00002[c0] + (1) cpd00001[c0] => (1) cpd00058[e0] + (1) cpd00067[c0] + (1) cpd00009[c0] + (1) cpd00008[c0]
rxn00747_c0	<=>	c0	AAA023D18.genome.CDS.1059	D-Glyceraldehyde-3-phosphate ketol-isomerase_c0	Unknown	Unknown	None	(1) cpd00102[c0] <=> (1) cpd00095[c0]
rxn05682_c0	<=>	c0	AAA023D18.genome.CDS.777	allantoin transport in via proton symport_c0	Unknown	Unknown	None	(1) cpd01092[e0] + (1) cpd00067[e0] <=> (1) cpd01092[c0] + (1) cpd00067[c0]
rxn02285_c0	<=>	c0	AAA023D18.genome.CDS.1444	UDP-N-acetylmuramate:NADP+ oxidoreductase_c0	Unknown	Unknown	None	(1) cpd00773[c0] + (1) cpd00006[c0] <=> (1) cpd02820[c0] + (1) cpd00067[c0] + (1) cpd00005[c0]
rxn10213_c0	=>	c0	AAA023D18.genome.CDS.1331	stearoyl-1-acylglycerol-3-phosphate O-acyltransferase_c0	Unknown	Unknown	None	(1) cpd15329[c0] + (1) cpd00327[c0] => (1) cpd15526[c0] + (1) cpd00010[c0]
rxn01799_c0	<=>	c0	AAA023D18.genome.CDS.1158	deoxyuridine:orthophosphate 2-deoxy-D-ribosyltransferase_c0	Unknown	Unknown	None	(1) cpd00412[c0] + (1) cpd00067[c0] + (1) cpd00009[c0] <=> (1) cpd00092[c0] + (1) cpd00509[c0]
rxn05380_c0	<=>	c0	(AAA023D18.genome.CDS.939) or (AAA023D18.genome.CDS.1418) or (AAA023D18.genome.CDS.1100) or (AAA023D18.genome.CDS.940) or (AAA023D18.genome.CDS.926) or (AAA023D18.genome.CDS.1018)	14-methyl-3-oxo-hexa-decanoyl-ACP:NADP+ oxidoreductase_c0	Unknown	Unknown	None	(1) cpd00067[c0] + (1) cpd11516[c0] + (1) cpd00005[c0] <=> (1) cpd11517[c0] + (1) cpd00006[c0]
rxn00237_c0	<=>	c0	AAA023D18.genome.CDS.1467	ATP:nucleoside-diphosphate phosphatransferase_c0	Unknown	Unknown	None	(1) cpd00002[c0] + (1) cpd00031[c0] <=> (1) cpd00038[c0] + (1) cpd00008[c0]
rxn00420_c0	=>	c0	(AAA023D18.genome.CDS.1429) or (AAA023D18.genome.CDS.1407)	L-O-Phosphoserine phosphohydrolase_c0	Unknown	Unknown	None	(1) cpd00738[c0] + (1) cpd00001[c0] => (1) cpd00067[c0] + (1) cpd00009[c0] + (1) cpd00054[c0]
rxn00001_c0	=>	c0	AAA023D18.genome.CDS.1126	Pyrophosphate phosphohydrolase_c0	Unknown	Unknown	None	(1) cpd00001[c0] + (1) cpd00012[c0] => (2) cpd00067[c0] + (2) cpd00009[c0]
rxn10313_c0	<=>	c0	AAA023D18.genome.CDS.895	isopentadecanoyl-lipoteichoic acid synthesis (n=24), linked, N-acetylglucosamine substituted_c0	Unknown	Unknown	None	(1) cpd15752[c0] + (24) cpd00037[c0] <=> (1) cpd15770[c0] + (24) cpd00014[c0]
rxn01621_c0	<=>	c0	(AAA023D18.genome.CDS.1023) and (AAA023D18.genome.CDS.1023)	L-Rhamnulose-1-phosphate lactaldehyde-lyase_c0	Unknown	Unknown	None	(1) cpd00831[c0] <=> (1) cpd00334[c0] + (1) cpd00095[c0]
rxn08336_c0	=>	c0	() and (AAA023D18.genome.CDS.1434)	dihydroorotic acid (menaquinone-8)_c0	Unknown	Unknown	None	(1) cpd00282[c0] + (1) cpd15500[c0] => (1) cpd00247[c0] + (1) cpd15499[c0]
rxn02898_c0	=>	c0	AAA023D18.genome.CDS.1296	O-Succinylbenzoyl-CoA 1,4-dihydroxy-2-naphthoate-lyase_c0	Unknown	Unknown	None	(1) cpd02021[c0] => (1) cpd02295[c0] + (1) cpd00010[c0]
rxn01210_c0	=>	c0	(AAA023D18.genome.CDS.1493) and (AAA023D18.genome.CDS.1493)	10-Formyltetrahydrofolate:L-glutamate ligase (ADP-forming)_c0	Unknown	Unknown	None	(1) cpd00201[c0] + (1) cpd00002[c0] + (1) cpd00023[c0] => (1) cpd00067[c0] + (1) cpd00009[c0] + (1) cpd00008[c0] + (1) cpd03524[c0]
rxn10220_c0	<=>	c0	AAA023D18.genome.CDS.1347	isoheptadecanoyl-phosphatidate cytidylyltransferase_c0	Unknown	Unknown	None	(1) cpd15677[c0] + (1) cpd00052[c0] <=> (1) cpd15683[c0] + (1) cpd00012[c0]
rxn02268_c0	=>	c0	AAA023D18.genome.CDS.1474	(S)-2-methylbutanoyl-CoA:oxygen 2,3-oxidoreductase_c0	Unknown	Unknown	None	(2) cpd00760[c0] + (1) cpd00007[c0] => (2) cpd00001[c0] + (2) cpd02125[c0]
rxn00407_c0	=>	c0	AAA023D18.genome.CDS.834	CTP aminohydrolase_c0	Unknown	Unknown	None	(1) cpd00067[c0] + (1) cpd00001[c0] + (1) cpd00052[c0] => (1) cpd00013[c0] + (1) cpd00062[c0]
rxn02376_c0	<=>	c0	AAA023D18.genome.CDS.1369	3-Carboxy-1-hydroxypropyl-ThPP:lipoamde_c0	Unknown	Unknown	None	(1) cpd00213[c0] + (1) cpd03189[c0] <=> (1) cpd00860[c0] + (1) cpd00056[c0]
rxn02680_c0	<=>	c0	AAA023D18.genome.CDS.1316	Octanoyl-CoA:acetyl-CoA C-acyltransferase_c0	Unknown	Unknown	None	(1) cpd01335[c0] + (1) cpd00022[c0] <=> (1) cpd03119[c0] + (1) cpd00010[c0]
rxn03839_c0	<=	c0	AAA023D18.genome.CDS.1489	AMID5_c0	Unknown	Unknown	None	(1) cpd00013[c0] + (1) cpd00400[c0] <= (1) cpd00001[c0] + (1) cpd01150[c0]
rxn10571_c0	=>	c0		magnesium transport via ABC system_c0	Unknown	Unknown	None	(1) cpd00002[c0] + (1) cpd00001[c0] + (1) cpd00254[e0] => (1) cpd00067[c0] + (1) cpd00009[c0] + (1) cpd00008[c0] + (1) cpd00254[c0]
rxn05195_c0	=>	c0		Fe3+-ABC transport_c0	Unknown	Unknown	None	(1) cpd10516[e0] + (1) cpd00002[c0] + (1) cpd00001[c0] => (1) cpd10516[c0] + (1) cpd00067[c0] + (1) cpd00009[c0] + (1) cpd00008[c0]
rxn00062_c0	=>	c0		ATP phosphohydrolase (protein-secreting)_c0	Unknown	Unknown	None	(1) cpd00002[c0] + (1) cpd00001[c0] => (1) cpd00067[c0] + (1) cpd00009[c0] + (1) cpd00008[c0]
rxn01208_c0	<=	c0		2-Oxo-4-methyl-3-carboxypentanoate decarboxylation_c0	Unknown	Unknown	None	(1) cpd00011[c0] + (1) cpd00200[c0] <= (1) cpd02605[c0] + (1) cpd00067[c0]
rxn04132_c0	=>	c0		rxn04132_c0	Unknown	Unknown	None	(1) cpd00001[c0] + (1) cpd08625[c0] => (1) cpd00011[c0] + (1) cpd01567[c0]
rxn04133_c0	=>	c0		rxn04133_c0	Unknown	Unknown	None	(1) cpd00001[c0] + (1) cpd08625[c0] => (1) cpd01092[c0] + (1) cpd00011[c0]
rxn05319_c0	<=	c0		H2Ot5_c0	Unknown	Unknown	None	(1) cpd00001[e0] <= (1) cpd00001[c0]
rxn05467_c0	<=>	c0		CO2 transport via diffusion_c0	Unknown	Unknown	None	(1) cpd00011[e0] <=> (1) cpd00011[c0]
rxn05468_c0	<=>	c0		O2 transport via diffusion_c0	Unknown	Unknown	None	(1) cpd00007[e0] <=> (1) cpd00007[c0]
rxn02374_c0	=>	c0		L-glutamate 5-semialdehyde dehydratase (spontaneous)_c0	Unknown	Unknown	None	(1) cpd00858[c0] => (1) cpd00067[c0] + (1) cpd00001[c0] + (1) cpd02431[c0]
rxn05116_c0	=>	c0		rxn05116_c0	Unknown	Unknown	None	(1) cpd00067[c0] + (1) cpd04539[c0] => (1) cpd00011[c0] + (1) cpd08449[c0]
rxn03012_c0	=>	c0		rxn03012_c0	Unknown	Unknown	None	(1) cpd02414[c0] => (1) cpd00067[c0] + (1) cpd00001[c0] + (1) cpd02465[c0]
rxn05064_c0	<=>	c0		carbamate hydro-lyase_c0	Unknown	Unknown	None	(2) cpd00067[c0] + (1) cpd01101[c0] <=> (1) cpd00013[c0] + (1) cpd00011[c0]
rxn02666_c0	<=	c0		L-2-amino-3-oxobutanoate decarboxylation (spontaneous)_c0	Unknown	Unknown	None	(1) cpd01298[c0] + (1) cpd00011[c0] <= (1) cpd02211[c0] + (1) cpd00067[c0]
rxn04457_c0	=>	c0		rxn04457_c0	Unknown	Unknown	None	(1) cpd00067[c0] + (1) cpd09027[c0] => (1) cpd00011[c0] + (1) cpd01567[c0]
rxn04456_c0	=>	c0		rxn04456_c0	Unknown	Unknown	None	(1) cpd00067[c0] + (1) cpd09027[c0] => (1) cpd01092[c0] + (1) cpd00011[c0]
rxn01664_c0	<=	c0		2-Aminoadipate 6-semialdehyde_c0	Unknown	Unknown	None	(1) cpd00352[c0] + (1) cpd00067[c0] + (1) cpd00001[c0] <= (1) cpd02522[c0]
rxn02916_c0	=>	c0		6-Amino-2-oxohexanoate cyclation_c0	Unknown	Unknown	None	(1) cpd02074[c0] => (1) cpd00922[c0] + (1) cpd00067[c0] + (1) cpd00001[c0]
bio1	=>	c0	None	Biomass	None	Macromolecule biosynthesis	None	(0.0106480421341882) cpd15723[c0] + (0.00309646685192537) cpd00015[c0] + (0.00309646685192537) cpd15352[c0] + (0.241798510337235) cpd00322[c0] + (0.509869786991038) cpd00033[c0] + (0.0106480421341882) cpd15695[c0] + (0.00309646685192537) cpd00006[c0] + (0.427934380173264) cpd00035[c0] + (1) cpd17041[c0] + (0.0761464922056484) cpd00084[c0] + (0.0106480421341882) cpd15722[c0] + (0.00309646685192537) cpd00034[c0] + (0.0250105977108944) cpd15432[c0] + (35.5403092430435) cpd00001[c0] + (0.127801422590767) cpd00060[c0] + (0.154519490031345) cpd00066[c0] + (0.0160206718346253) cpd00241[c0] + (0.0250105977108944) cpd15665[c0] + (0.120676604606612) cpd00069[c0] + (0.00309646685192537) cpd00010[c0] + (0.0106480421341882) cpd15696[c0] + (0.00309646685192537) cpd00557[c0] + (0.135406821203723) cpd00038[c0] + (0.00309646685192537) cpd00099[c0] + (0.00309646685192537) cpd00345[c0] + (0.184354665339991) cpd00129[c0] + (0.0908319049068452) cpd00062[c0] + (0.00309646685192537) cpd00087[c0] + (0.00309646685192537) cpd00058[c0] + (0.352233189091625) cpd00156[c0] + (0.0106480421341882) cpd15793[c0] + (0.00309646685192537) cpd00201[c0] + (0.375388847540127) cpd00107[c0] + (0.00309646685192537) cpd00264[c0] + (0.00309646685192537) cpd00030[c0] + (0.00309646685192537) cpd00254[c0] + (0.200830806928348) cpd00041[c0] + (0.211072732780569) cpd00161[c0] + (0.285438020490179) cpd00039[c0] + (0.00309646685192537) cpd00118[c0] + (0.00309646685192537) cpd00048[c0] + (0.0106480421341882) cpd15540[c0] + (0.0106480421341882) cpd15794[c0] + (0.0792636000737159) cpd00119[c0] + (0.0472019191450218) cpd00065[c0] + (1) cpd17043[c0] + (0.00309646685192537) cpd00056[c0] + (0.200830806928348) cpd00132[c0] + (0.0250105977108944) cpd02229[c0] + (0.179456352975885) cpd00054[c0] + (0.219088153012743) cpd00053[c0] + (1) cpd17042[c0] + (0.00309646685192537) cpd00220[c0] + (0.00309646685192537) cpd00063[c0] + (0.0160206718346253) cpd00356[c0] + (0.00309646685192537) cpd10515[c0] + (0.0106480421341882) cpd15795[c0] + (0.00309646685192537) cpd00042[c0] + (0.00309646685192537) cpd00016[c0] + (0.00309646685192537) cpd00003[c0] + (0.00309646685192537) cpd00166[c0] + (0.00309646685192537) cpd15500[c0] + (0.0160206718346253) cpd00357[c0] + (0.00309646685192537) cpd00149[c0] + (0.00309646685192537) cpd00205[c0] + (0.0160206718346253) cpd00115[c0] + (0.00309646685192537) cpd15560[c0] + (40.1101757365074) cpd00002[c0] + (0.00309646685192537) cpd10516[c0] + (0.00309646685192537) cpd11493[c0] + (0.00309646685192537) cpd00017[c0] + (0.0841036156544863) cpd00052[c0] + (0.0106480421341882) cpd15533[c0] + (0.246696822701341) cpd00051[c0] + (0.00309646685192537) cpd00028[c0] + (0.219088153012743) cpd00023[c0] => (40) cpd00008[c0] + (0.0250105977108944) cpd15666[c0] + (0.00309646685192537) cpd01997[c0] + (40) cpd00067[c0] + (0.00309646685192537) cpd03422[c0] + (0.00309646685192537) cpd12370[c0] + (1) cpd11416[c0] + (0.484600765610933) cpd00012[c0] + (39.9969035331481) cpd00009[c0]
