AAA023D18.genome.CDS.1003,23.0
AAA023D18.genome.CDS.1015,11.0
AAA023D18.genome.CDS.1019,486.0
AAA023D18.genome.CDS.1025,11.0
AAA023D18.genome.CDS.1027,16.0
AAA023D18.genome.CDS.1028,22.0
AAA023D18.genome.CDS.1037,11.0
AAA023D18.genome.CDS.1039,10.0
AAA023D18.genome.CDS.1041,32.0
AAA023D18.genome.CDS.1051,13.0
AAA023D18.genome.CDS.1052,13.0
AAA023D18.genome.CDS.1061,18.0
AAA023D18.genome.CDS.1069,27.0
AAA023D18.genome.CDS.1076,81.0
AAA023D18.genome.CDS.1080,20.0
AAA023D18.genome.CDS.1095,14.0
AAA023D18.genome.CDS.1161,10.0
AAA023D18.genome.CDS.1169,101.0
AAA023D18.genome.CDS.1172,39.0
AAA023D18.genome.CDS.1182,10.0
AAA023D18.genome.CDS.1185,40.0
AAA023D18.genome.CDS.1190,129.0
AAA023D18.genome.CDS.1191,85.0
AAA023D18.genome.CDS.1200,17.0
AAA023D18.genome.CDS.1201,15.0
AAA023D18.genome.CDS.1204,45.0
AAA023D18.genome.CDS.1205,34.0
AAA023D18.genome.CDS.1207,18.0
AAA023D18.genome.CDS.1231,11.0
AAA023D18.genome.CDS.1252,29.0
AAA023D18.genome.CDS.1265,48.0
AAA023D18.genome.CDS.1266,90.0
AAA023D18.genome.CDS.1269,14.0
AAA023D18.genome.CDS.1314,10.0
AAA023D18.genome.CDS.1327,14.0
AAA023D18.genome.CDS.1343,10.0
AAA023D18.genome.CDS.1344,57.0
AAA023D18.genome.CDS.1345,39.0
AAA023D18.genome.CDS.1350,18.0
AAA023D18.genome.CDS.1351,13.0
AAA023D18.genome.CDS.1359,10.0
AAA023D18.genome.CDS.1372,10.0
AAA023D18.genome.CDS.1373,28.0
AAA023D18.genome.CDS.1383,1464.0
AAA023D18.genome.CDS.1432,44.0
AAA023D18.genome.CDS.1436,16.0
AAA023D18.genome.CDS.1437,20.0
AAA023D18.genome.CDS.1438,33.0
AAA023D18.genome.CDS.1439,18.0
AAA023D18.genome.CDS.1440,14.0
AAA023D18.genome.CDS.1441,10.0
AAA023D18.genome.CDS.1467,11.0
AAA023D18.genome.CDS.1477,23.0
AAA023D18.genome.CDS.1492,111.0
AAA023D18.genome.CDS.754,16.0
AAA023D18.genome.CDS.775,10.0
AAA023D18.genome.CDS.786,23.0
AAA023D18.genome.CDS.795,41.0
AAA023D18.genome.CDS.824,13.0
AAA023D18.genome.CDS.827,18.0
AAA023D18.genome.CDS.836,24.0
AAA023D18.genome.CDS.919,845.0
AAA023D18.genome.CDS.920,11.0
AAA023D18.genome.CDS.934,435.0
AAA023D18.genome.CDS.945,245.0
AAA023D18.genome.CDS.952,14.0
AAA023D18.genome.CDS.984,11.0
AAA023J06.genome.CDS.1023,42.0
AAA023J06.genome.CDS.1040,19.0
AAA023J06.genome.CDS.1064,13.0
AAA023J06.genome.CDS.1139,16.0
AAA023J06.genome.CDS.1158,322.0
AAA023J06.genome.CDS.1222,202.0
AAA023J06.genome.CDS.1235,10.0
AAA023J06.genome.CDS.1255,11.0
AAA023J06.genome.CDS.1391,72.0
AAA023J06.genome.CDS.1392,154.0
AAA023J06.genome.CDS.1395,38.0
AAA023J06.genome.CDS.1404,11.0
AAA023J06.genome.CDS.748,18.0
AAA023J06.genome.CDS.757,10.0
AAA023J06.genome.CDS.799,14.0
AAA023J06.genome.CDS.883,16.0
AAA023J06.genome.CDS.896,12.0
AAA023J06.genome.CDS.912,44.0
AAA023J06.genome.CDS.935,281.0
AAA023J06.genome.CDS.940,16.0
AAA023J06.genome.CDS.961,16.0
AAA023J06.genome.CDS.974,12.0
AAA023J06.genome.CDS.975,18.0
AAA023J06.genome.CDS.984,14.0
AAA023J06.genome.CDS.986,28.0
AAA023J06.genome.CDS.987,12.0
AAA023J06.genome.CDS.988,12.0
AAA023J06.genome.CDS.992,24.0
AAA024D14.genome.CDS.1049,22.0
AAA024D14.genome.CDS.1052,24.0
AAA024D14.genome.CDS.1061,22.0
AAA024D14.genome.CDS.1066,15.0
AAA024D14.genome.CDS.1090,12.0
AAA024D14.genome.CDS.1091,495.0
AAA024D14.genome.CDS.1174,25.0
AAA024D14.genome.CDS.1175,10.0
AAA024D14.genome.CDS.1181,19.0
AAA024D14.genome.CDS.1186,17.0
AAA024D14.genome.CDS.1192,14.0
AAA024D14.genome.CDS.1196,137.0
AAA024D14.genome.CDS.1216,10.0
AAA024D14.genome.CDS.1251,12.0
AAA024D14.genome.CDS.1276,33.0
AAA024D14.genome.CDS.1282,24.0
AAA024D14.genome.CDS.1292,18.0
AAA024D14.genome.CDS.1317,111.0
AAA024D14.genome.CDS.1320,65.0
AAA024D14.genome.CDS.1322,166.0
AAA024D14.genome.CDS.1323,216.0
AAA024D14.genome.CDS.1324,21.0
AAA024D14.genome.CDS.1325,130.0
AAA024D14.genome.CDS.1326,42.0
AAA024D14.genome.CDS.1327,30.0
AAA024D14.genome.CDS.1328,59.0
AAA024D14.genome.CDS.1329,15.0
AAA024D14.genome.CDS.1331,67.0
AAA024D14.genome.CDS.1332,31.0
AAA024D14.genome.CDS.1334,12.0
AAA024D14.genome.CDS.1335,18.0
AAA024D14.genome.CDS.1337,36.0
AAA024D14.genome.CDS.1338,10.0
AAA024D14.genome.CDS.1339,25.0
AAA024D14.genome.CDS.1340,36.0
AAA024D14.genome.CDS.1341,20.0
AAA024D14.genome.CDS.1342,24.0
AAA024D14.genome.CDS.1344,28.0
AAA024D14.genome.CDS.1345,29.0
AAA024D14.genome.CDS.1348,38.0
AAA024D14.genome.CDS.1351,15.0
AAA024D14.genome.CDS.1406,20.0
AAA024D14.genome.CDS.1407,90.0
AAA024D14.genome.CDS.1455,38.0
AAA024D14.genome.CDS.1493,19.0
AAA024D14.genome.CDS.1494,70.0
AAA024D14.genome.CDS.1496,43.0
AAA024D14.genome.CDS.1497,31.0
AAA024D14.genome.CDS.1498,36.0
AAA024D14.genome.CDS.1558,408.0
AAA024D14.genome.CDS.1582,42.0
AAA024D14.genome.CDS.1611,28.0
AAA024D14.genome.CDS.1627,210.0
AAA024D14.genome.CDS.1641,20.0
AAA024D14.genome.CDS.1649,10.0
AAA024D14.genome.CDS.380,70.0
AAA024D14.genome.CDS.820,147.0
AAA024D14.genome.CDS.868,654.0
AAA024D14.genome.CDS.875,257.0
AAA024D14.genome.CDS.891,14.0
AAA024D14.genome.CDS.892,16.0
AAA024D14.genome.CDS.893,19.0
AAA024D14.genome.CDS.894,55.0
AAA024D14.genome.CDS.895,30.0
AAA024D14.genome.CDS.896,109.0
AAA024D14.genome.CDS.918,13.0
AAA024D14.genome.CDS.985,14.0
AAA027J17.genome.CDS.1000,19.0
AAA027J17.genome.CDS.1001,16.0
AAA027J17.genome.CDS.1002,35.0
AAA027J17.genome.CDS.1003,15.0
AAA027J17.genome.CDS.1004,19.0
AAA027J17.genome.CDS.1005,15.0
AAA027J17.genome.CDS.1008,11.0
AAA027J17.genome.CDS.1009,37.0
AAA027J17.genome.CDS.1010,32.0
AAA027J17.genome.CDS.1012,14.0
AAA027J17.genome.CDS.1014,10.0
AAA027J17.genome.CDS.1017,27.0
AAA027J17.genome.CDS.1019,14.0
AAA027J17.genome.CDS.1025,16.0
AAA027J17.genome.CDS.1030,14.0
AAA027J17.genome.CDS.1032,10.0
AAA027J17.genome.CDS.1033,39.0
AAA027J17.genome.CDS.1034,46.0
AAA027J17.genome.CDS.1035,15.0
AAA027J17.genome.CDS.1036,16.0
AAA027J17.genome.CDS.1037,19.0
AAA027J17.genome.CDS.1038,174.0
AAA027J17.genome.CDS.1039,12.0
AAA027J17.genome.CDS.1040,24.0
AAA027J17.genome.CDS.1042,75.0
AAA027J17.genome.CDS.1046,19.0
AAA027J17.genome.CDS.1047,14.0
AAA027J17.genome.CDS.1048,14.0
AAA027J17.genome.CDS.1050,24.0
AAA027J17.genome.CDS.1055,12.0
AAA027J17.genome.CDS.1056,43.0
AAA027J17.genome.CDS.1057,15.0
AAA027J17.genome.CDS.1058,162.0
AAA027J17.genome.CDS.1059,70.0
AAA027J17.genome.CDS.1060,29.0
AAA027J17.genome.CDS.1065,15.0
AAA027J17.genome.CDS.1067,16.0
AAA027J17.genome.CDS.1068,23.0
AAA027J17.genome.CDS.1072,63.0
AAA027J17.genome.CDS.1073,20.0
AAA027J17.genome.CDS.1074,14.0
AAA027J17.genome.CDS.1076,107.0
AAA027J17.genome.CDS.1077,72.0
AAA027J17.genome.CDS.1082,11.0
AAA027J17.genome.CDS.1084,11.0
AAA027J17.genome.CDS.1085,33.0
AAA027J17.genome.CDS.1086,85.0
AAA027J17.genome.CDS.1087,46.0
AAA027J17.genome.CDS.1088,11.0
AAA027J17.genome.CDS.1091,18.0
AAA027J17.genome.CDS.1093,11.0
AAA027J17.genome.CDS.1100,14.0
AAA027J17.genome.CDS.1101,30.0
AAA027J17.genome.CDS.1102,5245.0
AAA027J17.genome.CDS.1103,69.0
AAA027J17.genome.CDS.1104,45.0
AAA027J17.genome.CDS.1105,29.0
AAA027J17.genome.CDS.1106,41.0
AAA027J17.genome.CDS.1107,27.0
AAA027J17.genome.CDS.1108,25.0
AAA027J17.genome.CDS.1110,12.0
AAA027J17.genome.CDS.1111,13.0
AAA027J17.genome.CDS.1115,10.0
AAA027J17.genome.CDS.1117,24.0
AAA027J17.genome.CDS.1119,21.0
AAA027J17.genome.CDS.1122,10.0
AAA027J17.genome.CDS.1123,71.0
AAA027J17.genome.CDS.1124,3685.0
AAA027J17.genome.CDS.1125,14.0
AAA027J17.genome.CDS.1127,20.0
AAA027J17.genome.CDS.1128,33.0
AAA027J17.genome.CDS.1130,20.0
AAA027J17.genome.CDS.1131,22.0
AAA027J17.genome.CDS.1132,12.0
AAA027J17.genome.CDS.1134,14.0
AAA027J17.genome.CDS.1135,16.0
AAA027J17.genome.CDS.1138,111.0
AAA027J17.genome.CDS.1139,21.0
AAA027J17.genome.CDS.1140,22.0
AAA027J17.genome.CDS.1142,16.0
AAA027J17.genome.CDS.1143,15.0
AAA027J17.genome.CDS.1144,165.0
AAA027J17.genome.CDS.1145,27.0
AAA027J17.genome.CDS.1146,14.0
AAA027J17.genome.CDS.1147,18.0
AAA027J17.genome.CDS.1148,56.0
AAA027J17.genome.CDS.1150,14.0
AAA027J17.genome.CDS.1151,42.0
AAA027J17.genome.CDS.1152,18.0
AAA027J17.genome.CDS.1153,74.0
AAA027J17.genome.CDS.1155,10.0
AAA027J17.genome.CDS.1158,41.0
AAA027J17.genome.CDS.1160,17.0
AAA027J17.genome.CDS.1161,24.0
AAA027J17.genome.CDS.1162,33.0
AAA027J17.genome.CDS.1164,20.0
AAA027J17.genome.CDS.1166,39.0
AAA027J17.genome.CDS.1173,10.0
AAA027J17.genome.CDS.1174,29.0
AAA027J17.genome.CDS.1175,45.0
AAA027J17.genome.CDS.1176,15.0
AAA027J17.genome.CDS.1179,23.0
AAA027J17.genome.CDS.1180,41.0
AAA027J17.genome.CDS.1183,23.0
AAA027J17.genome.CDS.1184,49.0
AAA027J17.genome.CDS.1185,12.0
AAA027J17.genome.CDS.1186,38.0
AAA027J17.genome.CDS.1188,20.0
AAA027J17.genome.CDS.1189,99.0
AAA027J17.genome.CDS.1191,13.0
AAA027J17.genome.CDS.1193,11.0
AAA027J17.genome.CDS.1194,20.0
AAA027J17.genome.CDS.1195,57.0
AAA027J17.genome.CDS.1196,30.0
AAA027J17.genome.CDS.1197,34.0
AAA027J17.genome.CDS.1198,99.0
AAA027J17.genome.CDS.1199,16.0
AAA027J17.genome.CDS.1200,18.0
AAA027J17.genome.CDS.1202,10.0
AAA027J17.genome.CDS.1203,94.0
AAA027J17.genome.CDS.1204,53.0
AAA027J17.genome.CDS.1205,23.0
AAA027J17.genome.CDS.1206,15.0
AAA027J17.genome.CDS.1208,19.0
AAA027J17.genome.CDS.1209,15.0
AAA027J17.genome.CDS.1210,29.0
AAA027J17.genome.CDS.1211,49.0
AAA027J17.genome.CDS.1213,17.0
AAA027J17.genome.CDS.1214,57.0
AAA027J17.genome.CDS.1215,37.0
AAA027J17.genome.CDS.1216,86.0
AAA027J17.genome.CDS.1220,113.0
AAA027J17.genome.CDS.1222,16.0
AAA027J17.genome.CDS.1223,16.0
AAA027J17.genome.CDS.1224,20.0
AAA027J17.genome.CDS.1225,335.0
AAA027J17.genome.CDS.1226,23.0
AAA027J17.genome.CDS.1227,42.0
AAA027J17.genome.CDS.1228,10.0
AAA027J17.genome.CDS.1231,15.0
AAA027J17.genome.CDS.1232,13.0
AAA027J17.genome.CDS.1238,11.0
AAA027J17.genome.CDS.1241,20.0
AAA027J17.genome.CDS.1242,44.0
AAA027J17.genome.CDS.1248,25.0
AAA027J17.genome.CDS.1249,16.0
AAA027J17.genome.CDS.1251,28.0
AAA027J17.genome.CDS.1253,36.0
AAA027J17.genome.CDS.1254,18.0
AAA027J17.genome.CDS.1260,21.0
AAA027J17.genome.CDS.1261,121.0
AAA027J17.genome.CDS.1262,45.0
AAA027J17.genome.CDS.1263,36.0
AAA027J17.genome.CDS.1264,73.0
AAA027J17.genome.CDS.1266,13.0
AAA027J17.genome.CDS.1268,12.0
AAA027J17.genome.CDS.1269,15.0
AAA027J17.genome.CDS.1271,91.0
AAA027J17.genome.CDS.1273,20.0
AAA027J17.genome.CDS.1275,22.0
AAA027J17.genome.CDS.1277,33.0
AAA027J17.genome.CDS.1278,15.0
AAA027J17.genome.CDS.1280,169.0
AAA027J17.genome.CDS.1281,23.0
AAA027J17.genome.CDS.1282,21.0
AAA027J17.genome.CDS.1283,16.0
AAA027J17.genome.CDS.1285,35.0
AAA027J17.genome.CDS.1286,14.0
AAA027J17.genome.CDS.1287,74.0
AAA027J17.genome.CDS.1288,26.0
AAA027J17.genome.CDS.1289,19.0
AAA027J17.genome.CDS.1290,37.0
AAA027J17.genome.CDS.1292,15.0
AAA027J17.genome.CDS.1293,22.0
AAA027J17.genome.CDS.1294,12.0
AAA027J17.genome.CDS.1296,28.0
AAA027J17.genome.CDS.1298,50.0
AAA027J17.genome.CDS.1299,12.0
AAA027J17.genome.CDS.1301,28.0
AAA027J17.genome.CDS.1302,41.0
AAA027J17.genome.CDS.1304,66.0
AAA027J17.genome.CDS.1307,98.0
AAA027J17.genome.CDS.1309,16.0
AAA027J17.genome.CDS.1310,18.0
AAA027J17.genome.CDS.1311,20.0
AAA027J17.genome.CDS.1313,26.0
AAA027J17.genome.CDS.1314,21.0
AAA027J17.genome.CDS.1315,13.0
AAA027J17.genome.CDS.1317,11.0
AAA027J17.genome.CDS.1318,22.0
AAA027J17.genome.CDS.1319,29.0
AAA027J17.genome.CDS.1320,63.0
AAA027J17.genome.CDS.1321,5306.0
AAA027J17.genome.CDS.1322,33.0
AAA027J17.genome.CDS.1323,49.0
AAA027J17.genome.CDS.1324,30.0
AAA027J17.genome.CDS.1325,25.0
AAA027J17.genome.CDS.1326,874.0
AAA027J17.genome.CDS.1327,316.0
AAA027J17.genome.CDS.1329,41.0
AAA027J17.genome.CDS.1330,13.0
AAA027J17.genome.CDS.1333,10.0
AAA027J17.genome.CDS.1334,15.0
AAA027J17.genome.CDS.1336,277.0
AAA027J17.genome.CDS.1337,10.0
AAA027J17.genome.CDS.1339,14.0
AAA027J17.genome.CDS.1357,17.0
AAA027J17.genome.CDS.1358,10.0
AAA027J17.genome.CDS.1362,14.0
AAA027J17.genome.CDS.1364,148.0
AAA027J17.genome.CDS.1368,22.0
AAA027J17.genome.CDS.1370,12.0
AAA027J17.genome.CDS.1374,13.0
AAA027J17.genome.CDS.1376,122.0
AAA027J17.genome.CDS.1382,12.0
AAA027J17.genome.CDS.1383,29.0
AAA027J17.genome.CDS.1384,155.0
AAA027J17.genome.CDS.1385,38.0
AAA027J17.genome.CDS.1386,19.0
AAA027J17.genome.CDS.1388,23.0
AAA027J17.genome.CDS.1389,13.0
AAA027J17.genome.CDS.1390,31.0
AAA027J17.genome.CDS.1391,1702.0
AAA027J17.genome.CDS.1392,47.0
AAA027J17.genome.CDS.1395,25.0
AAA027J17.genome.CDS.1397,34.0
AAA027J17.genome.CDS.1400,67.0
AAA027J17.genome.CDS.1402,56.0
AAA027J17.genome.CDS.1403,11.0
AAA027J17.genome.CDS.1404,15.0
AAA027J17.genome.CDS.1408,16.0
AAA027J17.genome.CDS.1409,31.0
AAA027J17.genome.CDS.1411,19.0
AAA027J17.genome.CDS.1413,44.0
AAA027J17.genome.CDS.1416,20.0
AAA027J17.genome.CDS.1417,10.0
AAA027J17.genome.CDS.1420,41.0
AAA027J17.genome.CDS.1421,21.0
AAA027J17.genome.CDS.1422,87.0
AAA027J17.genome.CDS.1424,22.0
AAA027J17.genome.CDS.1425,22.0
AAA027J17.genome.CDS.1429,30.0
AAA027J17.genome.CDS.1433,364.0
AAA027J17.genome.CDS.1435,25.0
AAA027J17.genome.CDS.1437,18.0
AAA027J17.genome.CDS.1472,11.0
AAA027J17.genome.CDS.1495,17.0
AAA027J17.genome.CDS.1498,5780.0
AAA027J17.genome.CDS.1499,64.0
AAA027J17.genome.CDS.1500,25.0
AAA027J17.genome.CDS.1502,409.0
AAA027J17.genome.CDS.1504,59.0
AAA027J17.genome.CDS.1505,21.0
AAA027J17.genome.CDS.1506,27.0
AAA027J17.genome.CDS.1507,36.0
AAA027J17.genome.CDS.1508,29.0
AAA027J17.genome.CDS.1509,22.0
AAA027J17.genome.CDS.1510,137.0
AAA027J17.genome.CDS.1511,37.0
AAA027J17.genome.CDS.1512,10.0
AAA027J17.genome.CDS.1515,30.0
AAA027J17.genome.CDS.1519,24.0
AAA027J17.genome.CDS.1520,26.0
AAA027J17.genome.CDS.1521,174.0
AAA027J17.genome.CDS.1522,117.0
AAA027J17.genome.CDS.1523,367.0
AAA027J17.genome.CDS.1524,78.0
AAA027J17.genome.CDS.1525,287.0
AAA027J17.genome.CDS.1526,11.0
AAA027J17.genome.CDS.1527,20.0
AAA027J17.genome.CDS.1528,21.0
AAA027J17.genome.CDS.1529,34.0
AAA027J17.genome.CDS.1531,11.0
AAA027J17.genome.CDS.1532,20.0
AAA027J17.genome.CDS.1533,17.0
AAA027J17.genome.CDS.1534,10.0
AAA027J17.genome.CDS.1535,37.0
AAA027J17.genome.CDS.1536,16.0
AAA027J17.genome.CDS.1537,64.0
AAA027J17.genome.CDS.1538,20.0
AAA027J17.genome.CDS.1540,18.0
AAA027J17.genome.CDS.1541,34.0
AAA027J17.genome.CDS.1542,14.0
AAA027J17.genome.CDS.1543,10.0
AAA027J17.genome.CDS.1544,30.0
AAA027J17.genome.CDS.1546,154.0
AAA027J17.genome.CDS.1547,11.0
AAA027J17.genome.CDS.1550,23.0
AAA027J17.genome.CDS.1551,26.0
AAA027J17.genome.CDS.1552,11.0
AAA027J17.genome.CDS.1555,20.0
AAA027J17.genome.CDS.1556,45.0
AAA027J17.genome.CDS.1560,15.0
AAA027J17.genome.CDS.1561,16.0
AAA027J17.genome.CDS.1563,14.0
AAA027J17.genome.CDS.1564,10.0
AAA027J17.genome.CDS.1565,12.0
AAA027J17.genome.CDS.1566,23.0
AAA027J17.genome.CDS.1567,10.0
AAA027J17.genome.CDS.1568,16.0
AAA027J17.genome.CDS.1573,15.0
AAA027J17.genome.CDS.1574,13.0
AAA027J17.genome.CDS.1576,21.0
AAA027J17.genome.CDS.1578,69.0
AAA027J17.genome.CDS.1579,100.0
AAA027J17.genome.CDS.1580,45.0
AAA027J17.genome.CDS.1581,81.0
AAA027J17.genome.CDS.1582,13.0
AAA027J17.genome.CDS.1588,19.0
AAA027J17.genome.CDS.1589,76.0
AAA027J17.genome.CDS.1591,11.0
AAA027J17.genome.CDS.1592,88.0
AAA027J17.genome.CDS.1593,18.0
AAA027J17.genome.CDS.1594,15.0
AAA027J17.genome.CDS.1595,44.0
AAA027J17.genome.CDS.1596,166.0
AAA027J17.genome.CDS.1599,23.0
AAA027J17.genome.CDS.1600,22.0
AAA027J17.genome.CDS.1601,23.0
AAA027J17.genome.CDS.1603,15.0
AAA027J17.genome.CDS.1604,36.0
AAA027J17.genome.CDS.1605,286.0
AAA027J17.genome.CDS.1606,153.0
AAA027J17.genome.CDS.1607,12.0
AAA027J17.genome.CDS.1608,26.0
AAA027J17.genome.CDS.1609,35.0
AAA027J17.genome.CDS.1610,18.0
AAA027J17.genome.CDS.1611,21.0
AAA027J17.genome.CDS.1612,21.0
AAA027J17.genome.CDS.1613,29.0
AAA027J17.genome.CDS.1614,108.0
AAA027J17.genome.CDS.1615,189.0
AAA027J17.genome.CDS.1617,10.0
AAA027J17.genome.CDS.1619,35.0
AAA027J17.genome.CDS.1620,36.0
AAA027J17.genome.CDS.1621,13.0
AAA027J17.genome.CDS.1622,41.0
AAA027J17.genome.CDS.1623,86.0
AAA027J17.genome.CDS.1624,15.0
AAA027J17.genome.CDS.1625,50.0
AAA027J17.genome.CDS.1626,35.0
AAA027J17.genome.CDS.1627,24.0
AAA027J17.genome.CDS.1632,25.0
AAA027J17.genome.CDS.1633,10.0
AAA027J17.genome.CDS.1634,86.0
AAA027J17.genome.CDS.1635,79.0
AAA027J17.genome.CDS.1636,24.0
AAA027J17.genome.CDS.1637,98.0
AAA027J17.genome.CDS.1638,57.0
AAA027J17.genome.CDS.1640,130.0
AAA027J17.genome.CDS.1641,309.0
AAA027J17.genome.CDS.1642,83.0
AAA027J17.genome.CDS.1646,124.0
AAA027J17.genome.CDS.1647,66.0
AAA027J17.genome.CDS.1648,22.0
AAA027J17.genome.CDS.1649,88.0
AAA027J17.genome.CDS.1650,51.0
AAA027J17.genome.CDS.1651,98.0
AAA027J17.genome.CDS.1652,69.0
AAA027J17.genome.CDS.1653,17.0
AAA027J17.genome.CDS.1654,56.0
AAA027J17.genome.CDS.1655,39.0
AAA027J17.genome.CDS.1656,39.0
AAA027J17.genome.CDS.1657,52.0
AAA027J17.genome.CDS.1658,27.0
AAA027J17.genome.CDS.1659,60.0
AAA027J17.genome.CDS.1660,127.0
AAA027J17.genome.CDS.1661,61.0
AAA027J17.genome.CDS.1662,35.0
AAA027J17.genome.CDS.1663,122.0
AAA027J17.genome.CDS.1664,21.0
AAA027J17.genome.CDS.1665,144.0
AAA027J17.genome.CDS.1666,87.0
AAA027J17.genome.CDS.1667,102.0
AAA027J17.genome.CDS.1668,1224.0
AAA027J17.genome.CDS.1669,528.0
AAA027J17.genome.CDS.1670,44.0
AAA027J17.genome.CDS.1671,106.0
AAA027J17.genome.CDS.1674,629.0
AAA027J17.genome.CDS.1675,418.0
AAA027J17.genome.CDS.1676,150.0
AAA027J17.genome.CDS.1677,180.0
AAA027J17.genome.CDS.1678,67.0
AAA027J17.genome.CDS.1680,27.0
AAA027J17.genome.CDS.1683,16.0
AAA027J17.genome.CDS.1684,31.0
AAA027J17.genome.CDS.1685,53.0
AAA027J17.genome.CDS.1686,137.0
AAA027J17.genome.CDS.1687,24.0
AAA027J17.genome.CDS.1688,25.0
AAA027J17.genome.CDS.1690,22.0
AAA027J17.genome.CDS.1691,80.0
AAA027J17.genome.CDS.1692,28.0
AAA027J17.genome.CDS.1694,10.0
AAA027J17.genome.CDS.1695,34.0
AAA027J17.genome.CDS.1696,27.0
AAA027J17.genome.CDS.1697,41.0
AAA027J17.genome.CDS.1698,58.0
AAA027J17.genome.CDS.1699,24.0
AAA027J17.genome.CDS.1701,12.0
AAA027J17.genome.CDS.1702,14609.0
AAA027J17.genome.CDS.1703,100.0
AAA027J17.genome.CDS.1704,47.0
AAA027J17.genome.CDS.1706,18.0
AAA027J17.genome.CDS.1709,35.0
AAA027J17.genome.CDS.1710,40.0
AAA027J17.genome.CDS.1713,17.0
AAA027J17.genome.CDS.1714,44.0
AAA027J17.genome.CDS.1715,14.0
AAA027J17.genome.CDS.1716,42.0
AAA027J17.genome.CDS.1717,43.0
AAA027J17.genome.CDS.1718,44.0
AAA027J17.genome.CDS.1719,13.0
AAA027J17.genome.CDS.1720,14.0
AAA027J17.genome.CDS.1721,12.0
AAA027J17.genome.CDS.1726,11.0
AAA027J17.genome.CDS.1728,34.0
AAA027J17.genome.CDS.1729,12.0
AAA027J17.genome.CDS.1732,11.0
AAA027J17.genome.CDS.1733,11.0
AAA027J17.genome.CDS.1737,18.0
AAA027J17.genome.CDS.1738,13.0
AAA027J17.genome.CDS.1739,33.0
AAA027J17.genome.CDS.1741,17.0
AAA027J17.genome.CDS.1743,27.0
AAA027J17.genome.CDS.1744,33.0
AAA027J17.genome.CDS.1745,14.0
AAA027J17.genome.CDS.1750,29.0
AAA027J17.genome.CDS.1752,39.0
AAA027J17.genome.CDS.1753,23.0
AAA027J17.genome.CDS.1754,36.0
AAA027J17.genome.CDS.1761,110.0
AAA027J17.genome.CDS.1763,60.0
AAA027J17.genome.CDS.1766,15.0
AAA027J17.genome.CDS.1767,14.0
AAA027J17.genome.CDS.1769,14.0
AAA027J17.genome.CDS.1778,136.0
AAA027J17.genome.CDS.1779,13.0
AAA027J17.genome.CDS.1782,31.0
AAA027J17.genome.CDS.1791,11.0
AAA027J17.genome.CDS.1794,29.0
AAA027J17.genome.CDS.1795,20.0
AAA027J17.genome.CDS.1796,14.0
AAA027J17.genome.CDS.1799,32.0
AAA027J17.genome.CDS.1800,18.0
AAA027J17.genome.CDS.1801,484.0
AAA027J17.genome.CDS.1803,18.0
AAA027J17.genome.CDS.1804,67.0
AAA027J17.genome.CDS.1807,27.0
AAA027J17.genome.CDS.1808,38.0
AAA027J17.genome.CDS.1809,51.0
AAA027J17.genome.CDS.1810,16.0
AAA027J17.genome.CDS.1812,12.0
AAA027J17.genome.CDS.1813,34.0
AAA027J17.genome.CDS.1815,169.0
AAA027J17.genome.CDS.1817,24.0
AAA027J17.genome.CDS.1818,13.0
AAA027J17.genome.CDS.1820,14.0
AAA027J17.genome.CDS.1822,52.0
AAA027J17.genome.CDS.1824,13.0
AAA027J17.genome.CDS.1825,16.0
AAA027J17.genome.CDS.1826,21.0
AAA027J17.genome.CDS.1830,15.0
AAA027J17.genome.CDS.1832,30.0
AAA027J17.genome.CDS.1833,22.0
AAA027J17.genome.CDS.1834,24.0
AAA027J17.genome.CDS.1835,18.0
AAA027J17.genome.CDS.1836,59.0
AAA027J17.genome.CDS.1838,1448.0
AAA027J17.genome.CDS.1839,24.0
AAA027J17.genome.CDS.1840,13.0
AAA027J17.genome.CDS.1841,12.0
AAA027J17.genome.CDS.1844,16.0
AAA027J17.genome.CDS.1845,18.0
AAA027J17.genome.CDS.1846,12.0
AAA027J17.genome.CDS.1851,52.0
AAA027J17.genome.CDS.1852,142.0
AAA027J17.genome.CDS.1853,39.0
AAA027J17.genome.CDS.1854,23.0
AAA027J17.genome.CDS.1856,21.0
AAA027J17.genome.CDS.1857,17.0
AAA027J17.genome.CDS.1858,38.0
AAA027J17.genome.CDS.1859,22.0
AAA027J17.genome.CDS.1863,11.0
AAA027J17.genome.CDS.1866,22.0
AAA027J17.genome.CDS.1868,22.0
AAA027J17.genome.CDS.1869,10.0
AAA027J17.genome.CDS.1870,16.0
AAA027J17.genome.CDS.1871,23.0
AAA027J17.genome.CDS.1873,19.0
AAA027J17.genome.CDS.1876,18.0
AAA027J17.genome.CDS.1877,19.0
AAA027J17.genome.CDS.1880,11.0
AAA027J17.genome.CDS.1882,12.0
AAA027J17.genome.CDS.1885,21.0
AAA027J17.genome.CDS.1886,15.0
AAA027J17.genome.CDS.1888,25.0
AAA027J17.genome.CDS.1889,14.0
AAA027J17.genome.CDS.1891,70.0
AAA027J17.genome.CDS.1892,14.0
AAA027J17.genome.CDS.1893,97.0
AAA027J17.genome.CDS.1896,22.0
AAA027J17.genome.CDS.1898,29.0
AAA027J17.genome.CDS.1899,10.0
AAA027J17.genome.CDS.1901,17.0
AAA027J17.genome.CDS.1902,10.0
AAA027J17.genome.CDS.1904,193.0
AAA027J17.genome.CDS.1905,16.0
AAA027J17.genome.CDS.1907,62.0
AAA027J17.genome.CDS.1909,23.0
AAA027J17.genome.CDS.1910,15.0
AAA027J17.genome.CDS.1912,16.0
AAA027J17.genome.CDS.1913,34.0
AAA027J17.genome.CDS.1915,23.0
AAA027J17.genome.CDS.1917,22.0
AAA027J17.genome.CDS.1918,53.0
AAA027J17.genome.CDS.1921,10.0
AAA027J17.genome.CDS.1923,12.0
AAA027J17.genome.CDS.1925,101.0
AAA027J17.genome.CDS.1926,380.0
AAA027J17.genome.CDS.1927,13.0
AAA027J17.genome.CDS.1928,39.0
AAA027J17.genome.CDS.1929,10.0
AAA027J17.genome.CDS.1931,18.0
AAA027J17.genome.CDS.1932,26.0
AAA027J17.genome.CDS.1933,30.0
AAA027J17.genome.CDS.1938,31.0
AAA027J17.genome.CDS.1939,47.0
AAA027J17.genome.CDS.1942,23.0
AAA027J17.genome.CDS.1943,493.0
AAA027J17.genome.CDS.1944,1752.0
AAA027J17.genome.CDS.1945,56.0
AAA027J17.genome.CDS.1948,27.0
AAA027J17.genome.CDS.1949,29.0
AAA027J17.genome.CDS.1952,88.0
AAA027J17.genome.CDS.1955,12.0
AAA027J17.genome.CDS.1957,15.0
AAA027J17.genome.CDS.1966,28.0
AAA027J17.genome.CDS.1970,10.0
AAA027J17.genome.CDS.1972,14.0
AAA027J17.genome.CDS.1980,60.0
AAA027J17.genome.CDS.1991,19.0
AAA027J17.genome.CDS.1995,48.0
AAA027J17.genome.CDS.1996,10.0
AAA027J17.genome.CDS.1998,11.0
AAA027J17.genome.CDS.2001,72.0
AAA027J17.genome.CDS.2002,15.0
AAA027J17.genome.CDS.2007,42.0
AAA027J17.genome.CDS.2008,34.0
AAA027J17.genome.CDS.2009,10.0
AAA027J17.genome.CDS.2023,126.0
AAA027J17.genome.CDS.2024,12.0
AAA027J17.genome.CDS.2034,19.0
AAA027J17.genome.CDS.2035,13.0
AAA027J17.genome.CDS.2036,18.0
AAA027J17.genome.CDS.2038,345.0
AAA027J17.genome.CDS.2048,302.0
AAA027J17.genome.CDS.320,20.0
AAA027J17.genome.CDS.893,18.0
AAA027J17.genome.CDS.915,25.0
AAA027J17.genome.CDS.941,189.0
AAA027J17.genome.CDS.994,863.0
AAA027J17.genome.CDS.995,24.0
AAA027J17.genome.CDS.996,23.0
AAA027J17.genome.CDS.999,23.0
AAA027L06.genome.CDS.1243,12.0
AAA027L06.genome.CDS.1263,10.0
AAA027L06.genome.CDS.1269,265.0
AAA027L06.genome.CDS.1270,11.0
AAA027L06.genome.CDS.1292,50.0
AAA027L06.genome.CDS.1325,14.0
AAA027L06.genome.CDS.1331,14.0
AAA027L06.genome.CDS.1407,11.0
AAA027L06.genome.CDS.1412,10.0
AAA027L06.genome.CDS.1426,10.0
AAA027L06.genome.CDS.1442,78.0
AAA027L06.genome.CDS.1450,15.0
AAA027L06.genome.CDS.1453,18.0
AAA027L06.genome.CDS.1454,26.0
AAA027L06.genome.CDS.1455,20.0
AAA027L06.genome.CDS.1456,13.0
AAA027L06.genome.CDS.1457,13.0
AAA027L06.genome.CDS.1464,11.0
AAA027L06.genome.CDS.1465,34.0
AAA027L06.genome.CDS.1466,52.0
AAA027L06.genome.CDS.1503,11.0
AAA027L06.genome.CDS.1505,32.0
AAA027L06.genome.CDS.1506,129.0
AAA027L06.genome.CDS.1525,10.0
AAA027L06.genome.CDS.1526,25.0
AAA027L06.genome.CDS.1545,29.0
AAA027L06.genome.CDS.1549,21.0
AAA027L06.genome.CDS.1550,38.0
AAA027L06.genome.CDS.1566,21.0
AAA027L06.genome.CDS.1571,21.0
AAA027L06.genome.CDS.1572,92.0
AAA027L06.genome.CDS.1573,13.0
AAA027L06.genome.CDS.1582,17.0
AAA027L06.genome.CDS.1600,60.0
AAA027L06.genome.CDS.1675,186.0
AAA027L06.genome.CDS.1678,617.0
AAA027L06.genome.CDS.1702,43.0
AAA027L06.genome.CDS.1703,10.0
AAA027L06.genome.CDS.1707,10.0
AAA027L06.genome.CDS.1716,177.0
AAA027L06.genome.CDS.1718,18.0
AAA027L06.genome.CDS.1722,23.0
AAA027L06.genome.CDS.1729,13.0
AAA027L06.genome.CDS.1732,15.0
AAA027L06.genome.CDS.1738,11.0
AAA027L06.genome.CDS.1739,35.0
AAA027L06.genome.CDS.1743,10.0
AAA027L06.genome.CDS.1752,140.0
AAA027L06.genome.CDS.1753,134.0
AAA027L06.genome.CDS.1761,15.0
AAA027L06.genome.CDS.1762,10.0
AAA027L06.genome.CDS.1763,368.0
AAA027L06.genome.CDS.1771,12.0
AAA027L06.genome.CDS.1772,13.0
AAA027L06.genome.CDS.1774,112.0
AAA027L06.genome.CDS.1776,17.0
AAA027L06.genome.CDS.1781,55.0
AAA027L06.genome.CDS.1800,144.0
AAA027L06.genome.CDS.1851,58.0
AAA027L06.genome.CDS.1872,11.0
AAA027L06.genome.CDS.1880,129.0
AAA027L06.genome.CDS.1881,35.0
AAA027L06.genome.CDS.1903,14.0
AAA027L06.genome.CDS.1915,467.0
AAA027L06.genome.CDS.1924,17.0
AAA027L06.genome.CDS.1945,12.0
AAA027L06.genome.CDS.1947,11.0
AAA027L06.genome.CDS.1950,10.0
AAA027L06.genome.CDS.1982,658.0
AAA027L06.genome.CDS.1983,15.0
AAA027L06.genome.CDS.1984,39.0
AAA027L06.genome.CDS.1987,12.0
AAA027L06.genome.CDS.2007,20.0
AAA027L06.genome.CDS.2010,17.0
AAA027L06.genome.CDS.2012,25.0
AAA027L06.genome.CDS.2013,21.0
AAA027L06.genome.CDS.2014,10.0
AAA027L06.genome.CDS.2015,72.0
AAA027L06.genome.CDS.2018,12.0
AAA027L06.genome.CDS.2020,76.0
AAA027L06.genome.CDS.2021,480.0
AAA027L06.genome.CDS.2024,11.0
AAA027L06.genome.CDS.2026,13.0
AAA027L06.genome.CDS.2028,12.0
AAA027L06.genome.CDS.2037,27.0
AAA027L06.genome.CDS.2047,11.0
AAA027L06.genome.CDS.2048,11.0
AAA027L06.genome.CDS.2074,20.0
AAA027L06.genome.CDS.2091,10.0
AAA027L06.genome.CDS.2094,15.0
AAA027L06.genome.CDS.2109,2047.0
AAA027L06.genome.CDS.2132,26.0
AAA027L06.genome.CDS.2133,12.0
AAA027L06.genome.CDS.2134,23.0
AAA027L06.genome.CDS.2136,17.0
AAA027L06.genome.CDS.2155,53.0
AAA027L06.genome.CDS.2159,837.0
AAA027L06.genome.CDS.2169,10.0
AAA027L06.genome.CDS.2183,13.0
AAA027L06.genome.CDS.2198,461.0
AAA027L06.genome.CDS.2221,13.0
AAA027L06.genome.CDS.2226,18.0
AAA027L06.genome.CDS.2244,27.0
AAA027L06.genome.CDS.2246,32.0
AAA027L06.genome.CDS.2272,13.0
AAA027L06.genome.CDS.2277,39.0
AAA027L06.genome.CDS.2301,18.0
AAA027L06.genome.CDS.2320,13.0
AAA027L06.genome.CDS.2332,29.0
AAA027L06.genome.CDS.2373,11.0
AAA027L06.genome.CDS.2382,13.0
AAA027L06.genome.CDS.2392,10.0
AAA027L06.genome.CDS.2412,15.0
AAA027M14.genome.CDS.1002,33.0
AAA027M14.genome.CDS.1005,257.0
AAA027M14.genome.CDS.1006,11.0
AAA027M14.genome.CDS.1008,12.0
AAA027M14.genome.CDS.1083,57.0
AAA027M14.genome.CDS.1091,13.0
AAA027M14.genome.CDS.1102,32.0
AAA027M14.genome.CDS.1116,18.0
AAA027M14.genome.CDS.1122,11.0
AAA027M14.genome.CDS.1135,34.0
AAA027M14.genome.CDS.1136,26.0
AAA027M14.genome.CDS.1137,66.0
AAA027M14.genome.CDS.1160,193.0
AAA027M14.genome.CDS.1165,11.0
AAA027M14.genome.CDS.1201,15.0
AAA027M14.genome.CDS.1203,11.0
AAA027M14.genome.CDS.1208,19.0
AAA027M14.genome.CDS.1234,14.0
AAA027M14.genome.CDS.1249,46.0
AAA027M14.genome.CDS.1274,11.0
AAA027M14.genome.CDS.1297,12.0
AAA027M14.genome.CDS.1300,22.0
AAA027M14.genome.CDS.1337,54.0
AAA027M14.genome.CDS.1354,10.0
AAA027M14.genome.CDS.1358,239.0
AAA027M14.genome.CDS.1390,30.0
AAA027M14.genome.CDS.1391,27.0
AAA027M14.genome.CDS.1392,20.0
AAA027M14.genome.CDS.1393,10.0
AAA027M14.genome.CDS.1396,17.0
AAA027M14.genome.CDS.1406,11.0
AAA027M14.genome.CDS.1413,12.0
AAA027M14.genome.CDS.1415,12.0
AAA027M14.genome.CDS.1420,16.0
AAA027M14.genome.CDS.1436,11.0
AAA027M14.genome.CDS.1454,93.0
AAA027M14.genome.CDS.1472,31.0
AAA027M14.genome.CDS.1473,45.0
AAA027M14.genome.CDS.1477,13.0
AAA027M14.genome.CDS.1485,18.0
AAA027M14.genome.CDS.1490,10.0
AAA027M14.genome.CDS.1491,10.0
AAA027M14.genome.CDS.1504,12.0
AAA027M14.genome.CDS.1527,180.0
AAA027M14.genome.CDS.1528,43.0
AAA027M14.genome.CDS.1569,82.0
AAA027M14.genome.CDS.1597,78.0
AAA027M14.genome.CDS.1598,45.0
AAA027M14.genome.CDS.1599,18.0
AAA027M14.genome.CDS.1600,35.0
AAA027M14.genome.CDS.1602,57.0
AAA027M14.genome.CDS.1603,11.0
AAA027M14.genome.CDS.1635,32.0
AAA027M14.genome.CDS.846,11.0
AAA027M14.genome.CDS.899,11.0
AAA027M14.genome.CDS.900,711.0
AAA027M14.genome.CDS.929,25.0
AAA027M14.genome.CDS.975,25.0
AAA027M14.genome.CDS.983,20.0
AAA027M14.genome.CDS.984,12.0
AAA027M14.genome.CDS.997,10.0
AAA028A23.genome.CDS.1019,39.0
AAA028A23.genome.CDS.1021,10.0
AAA028A23.genome.CDS.1039,141.0
AAA028A23.genome.CDS.1040,61.0
AAA028A23.genome.CDS.1053,13.0
AAA028A23.genome.CDS.1054,16.0
AAA028A23.genome.CDS.1055,11.0
AAA028A23.genome.CDS.1061,10.0
AAA028A23.genome.CDS.1063,18.0
AAA028A23.genome.CDS.1087,11.0
AAA028A23.genome.CDS.1099,25.0
AAA028A23.genome.CDS.1127,17.0
AAA028A23.genome.CDS.1159,38.0
AAA028A23.genome.CDS.1161,2400.0
AAA028A23.genome.CDS.1184,29.0
AAA028A23.genome.CDS.1185,20.0
AAA028A23.genome.CDS.1186,16.0
AAA028A23.genome.CDS.1188,23.0
AAA028A23.genome.CDS.1199,13.0
AAA028A23.genome.CDS.1216,31.0
AAA028A23.genome.CDS.1223,11.0
AAA028A23.genome.CDS.1245,81.0
AAA028A23.genome.CDS.1256,19.0
AAA028A23.genome.CDS.1264,393.0
AAA028A23.genome.CDS.1265,61.0
AAA028A23.genome.CDS.1267,13.0
AAA028A23.genome.CDS.1270,67.0
AAA028A23.genome.CDS.1271,28.0
AAA028A23.genome.CDS.1272,21.0
AAA028A23.genome.CDS.1273,11.0
AAA028A23.genome.CDS.1303,12.0
AAA028A23.genome.CDS.1316,14.0
AAA028A23.genome.CDS.1327,14.0
AAA028A23.genome.CDS.1340,70.0
AAA028A23.genome.CDS.1354,17.0
AAA028A23.genome.CDS.1362,12.0
AAA028A23.genome.CDS.1366,10.0
AAA028A23.genome.CDS.1385,15.0
AAA028A23.genome.CDS.1463,14.0
AAA028A23.genome.CDS.1484,13.0
AAA028A23.genome.CDS.1490,18.0
AAA028A23.genome.CDS.1564,18.0
AAA028A23.genome.CDS.1566,11.0
AAA028A23.genome.CDS.1596,23.0
AAA028A23.genome.CDS.1612,30.0
AAA028A23.genome.CDS.1618,14.0
AAA028A23.genome.CDS.1652,12.0
AAA028A23.genome.CDS.1658,11.0
AAA028A23.genome.CDS.1665,13.0
AAA028A23.genome.CDS.884,54.0
AAA028A23.genome.CDS.910,10.0
AAA028A23.genome.CDS.935,55.0
AAA028A23.genome.CDS.940,12.0
AAA028A23.genome.CDS.941,124.0
AAA028A23.genome.CDS.942,19.0
AAA028A23.genome.CDS.950,351.0
AAA028A23.genome.CDS.952,11.0
AAA028A23.genome.CDS.974,11.0
AAA028A23.genome.CDS.975,198.0
AAA028A23.genome.CDS.981,12.0
AAA028A23.genome.CDS.998,11.0
AAA028E20.genome.CDS.1001,10.0
AAA028E20.genome.CDS.1002,1627.0
AAA028E20.genome.CDS.1006,41.0
AAA028E20.genome.CDS.1007,51.0
AAA028E20.genome.CDS.1010,47.0
AAA028E20.genome.CDS.1011,258.0
AAA028E20.genome.CDS.1012,37.0
AAA028E20.genome.CDS.1015,10.0
AAA028E20.genome.CDS.1019,31.0
AAA028E20.genome.CDS.1023,13.0
AAA028E20.genome.CDS.1025,18.0
AAA028E20.genome.CDS.1026,14.0
AAA028E20.genome.CDS.1027,22.0
AAA028E20.genome.CDS.1028,971.0
AAA028E20.genome.CDS.1029,191.0
AAA028E20.genome.CDS.1030,551.0
AAA028E20.genome.CDS.1031,312.0
AAA028E20.genome.CDS.1032,564.0
AAA028E20.genome.CDS.1033,160.0
AAA028E20.genome.CDS.1034,153.0
AAA028E20.genome.CDS.1037,10.0
AAA028E20.genome.CDS.1038,21.0
AAA028E20.genome.CDS.1041,10.0
AAA028E20.genome.CDS.1042,155.0
AAA028E20.genome.CDS.1043,328.0
AAA028E20.genome.CDS.1045,18.0
AAA028E20.genome.CDS.1046,30.0
AAA028E20.genome.CDS.1047,13.0
AAA028E20.genome.CDS.1049,8488.0
AAA028E20.genome.CDS.1050,38.0
AAA028E20.genome.CDS.1051,47.0
AAA028E20.genome.CDS.1052,16.0
AAA028E20.genome.CDS.1055,14120.0
AAA028E20.genome.CDS.1056,71.0
AAA028E20.genome.CDS.1058,36.0
AAA028E20.genome.CDS.1059,13.0
AAA028E20.genome.CDS.1060,99.0
AAA028E20.genome.CDS.1063,11.0
AAA028E20.genome.CDS.1066,10.0
AAA028E20.genome.CDS.1068,11.0
AAA028E20.genome.CDS.1071,23.0
AAA028E20.genome.CDS.1072,43.0
AAA028E20.genome.CDS.1079,15.0
AAA028E20.genome.CDS.1080,23.0
AAA028E20.genome.CDS.1087,354.0
AAA028E20.genome.CDS.1089,15.0
AAA028E20.genome.CDS.1094,16.0
AAA028E20.genome.CDS.1096,10.0
AAA028E20.genome.CDS.1098,23.0
AAA028E20.genome.CDS.1104,119.0
AAA028E20.genome.CDS.1105,18.0
AAA028E20.genome.CDS.1113,16.0
AAA028E20.genome.CDS.1114,10.0
AAA028E20.genome.CDS.1115,48.0
AAA028E20.genome.CDS.1116,10.0
AAA028E20.genome.CDS.1117,25.0
AAA028E20.genome.CDS.1118,12.0
AAA028E20.genome.CDS.1125,16.0
AAA028E20.genome.CDS.1136,605.0
AAA028E20.genome.CDS.1140,18.0
AAA028E20.genome.CDS.1141,42.0
AAA028E20.genome.CDS.1144,12.0
AAA028E20.genome.CDS.1147,11.0
AAA028E20.genome.CDS.1160,21.0
AAA028E20.genome.CDS.1168,10.0
AAA028E20.genome.CDS.1170,18.0
AAA028E20.genome.CDS.1175,500.0
AAA028E20.genome.CDS.1176,29.0
AAA028E20.genome.CDS.1177,30.0
AAA028E20.genome.CDS.1193,106.0
AAA028E20.genome.CDS.1197,63.0
AAA028E20.genome.CDS.1198,23.0
AAA028E20.genome.CDS.1203,14.0
AAA028E20.genome.CDS.1211,16.0
AAA028E20.genome.CDS.1212,10.0
AAA028E20.genome.CDS.1217,16.0
AAA028E20.genome.CDS.1219,13.0
AAA028E20.genome.CDS.1224,24.0
AAA028E20.genome.CDS.1226,11.0
AAA028E20.genome.CDS.1228,21.0
AAA028E20.genome.CDS.1232,38.0
AAA028E20.genome.CDS.1234,49.0
AAA028E20.genome.CDS.1235,13.0
AAA028E20.genome.CDS.1236,11.0
AAA028E20.genome.CDS.1237,56.0
AAA028E20.genome.CDS.1238,32.0
AAA028E20.genome.CDS.1239,60.0
AAA028E20.genome.CDS.1240,93.0
AAA028E20.genome.CDS.1243,10.0
AAA028E20.genome.CDS.1244,10.0
AAA028E20.genome.CDS.1246,27.0
AAA028E20.genome.CDS.1254,32.0
AAA028E20.genome.CDS.1263,15.0
AAA028E20.genome.CDS.1264,58.0
AAA028E20.genome.CDS.1265,49.0
AAA028E20.genome.CDS.1266,40.0
AAA028E20.genome.CDS.1267,65.0
AAA028E20.genome.CDS.1268,10.0
AAA028E20.genome.CDS.1271,10.0
AAA028E20.genome.CDS.1272,110.0
AAA028E20.genome.CDS.1275,14.0
AAA028E20.genome.CDS.1276,316.0
AAA028E20.genome.CDS.1277,16.0
AAA028E20.genome.CDS.1278,18.0
AAA028E20.genome.CDS.1279,10.0
AAA028E20.genome.CDS.1286,12.0
AAA028E20.genome.CDS.1287,345.0
AAA028E20.genome.CDS.1288,11.0
AAA028E20.genome.CDS.1298,41.0
AAA028E20.genome.CDS.1300,10.0
AAA028E20.genome.CDS.1301,14.0
AAA028E20.genome.CDS.1304,82.0
AAA028E20.genome.CDS.1306,17.0
AAA028E20.genome.CDS.1307,49.0
AAA028E20.genome.CDS.1309,125.0
AAA028E20.genome.CDS.1310,314.0
AAA028E20.genome.CDS.1317,10.0
AAA028E20.genome.CDS.1318,22.0
AAA028E20.genome.CDS.1319,12.0
AAA028E20.genome.CDS.1320,11.0
AAA028E20.genome.CDS.1321,155.0
AAA028E20.genome.CDS.1335,12.0
AAA028E20.genome.CDS.1338,223.0
AAA028E20.genome.CDS.1340,20.0
AAA028E20.genome.CDS.1341,28.0
AAA028E20.genome.CDS.1347,27.0
AAA028E20.genome.CDS.1349,22.0
AAA028E20.genome.CDS.1351,25.0
AAA028E20.genome.CDS.1352,12.0
AAA028E20.genome.CDS.1353,113.0
AAA028E20.genome.CDS.1354,11.0
AAA028E20.genome.CDS.1355,24.0
AAA028E20.genome.CDS.1359,14.0
AAA028E20.genome.CDS.1362,27.0
AAA028E20.genome.CDS.1364,12.0
AAA028E20.genome.CDS.1366,23.0
AAA028E20.genome.CDS.1367,12.0
AAA028E20.genome.CDS.1371,21.0
AAA028E20.genome.CDS.1372,13.0
AAA028E20.genome.CDS.1374,162.0
AAA028E20.genome.CDS.1375,694.0
AAA028E20.genome.CDS.1376,673.0
AAA028E20.genome.CDS.1377,153.0
AAA028E20.genome.CDS.1378,463.0
AAA028E20.genome.CDS.1379,20.0
AAA028E20.genome.CDS.1382,42.0
AAA028E20.genome.CDS.1383,13.0
AAA028E20.genome.CDS.1384,384.0
AAA028E20.genome.CDS.1385,10.0
AAA028E20.genome.CDS.1386,10.0
AAA028E20.genome.CDS.1387,135.0
AAA028E20.genome.CDS.1388,135.0
AAA028E20.genome.CDS.1389,85.0
AAA028E20.genome.CDS.1390,801.0
AAA028E20.genome.CDS.1391,413.0
AAA028E20.genome.CDS.1392,546.0
AAA028E20.genome.CDS.1393,398.0
AAA028E20.genome.CDS.1394,49.0
AAA028E20.genome.CDS.1395,596.0
AAA028E20.genome.CDS.1396,54.0
AAA028E20.genome.CDS.1397,260.0
AAA028E20.genome.CDS.1398,187.0
AAA028E20.genome.CDS.1399,84.0
AAA028E20.genome.CDS.1400,297.0
AAA028E20.genome.CDS.1401,895.0
AAA028E20.genome.CDS.1402,322.0
AAA028E20.genome.CDS.1403,137.0
AAA028E20.genome.CDS.1404,896.0
AAA028E20.genome.CDS.1405,324.0
AAA028E20.genome.CDS.1406,472.0
AAA028E20.genome.CDS.1407,492.0
AAA028E20.genome.CDS.1408,361.0
AAA028E20.genome.CDS.1409,2715.0
AAA028E20.genome.CDS.1410,2336.0
AAA028E20.genome.CDS.1411,467.0
AAA028E20.genome.CDS.1412,1178.0
AAA028E20.genome.CDS.1413,142.0
AAA028E20.genome.CDS.1414,12.0
AAA028E20.genome.CDS.1415,3760.0
AAA028E20.genome.CDS.1416,2767.0
AAA028E20.genome.CDS.1417,10.0
AAA028E20.genome.CDS.1418,585.0
AAA028E20.genome.CDS.1419,661.0
AAA028E20.genome.CDS.1420,41.0
AAA028E20.genome.CDS.1421,762.0
AAA028E20.genome.CDS.1422,352.0
AAA028E20.genome.CDS.1423,294.0
AAA028E20.genome.CDS.1424,43.0
AAA028E20.genome.CDS.1425,44.0
AAA028E20.genome.CDS.1430,108.0
AAA028E20.genome.CDS.1431,12.0
AAA028E20.genome.CDS.1432,15.0
AAA028E20.genome.CDS.1433,40.0
AAA028E20.genome.CDS.1434,7570.0
AAA028E20.genome.CDS.1442,126.0
AAA028E20.genome.CDS.1443,31.0
AAA028E20.genome.CDS.1444,15.0
AAA028E20.genome.CDS.1445,14.0
AAA028E20.genome.CDS.1448,12.0
AAA028E20.genome.CDS.1449,14.0
AAA028E20.genome.CDS.1450,827.0
AAA028E20.genome.CDS.1451,27.0
AAA028E20.genome.CDS.1452,24.0
AAA028E20.genome.CDS.1453,49.0
AAA028E20.genome.CDS.1459,11.0
AAA028E20.genome.CDS.1460,315.0
AAA028E20.genome.CDS.1461,691.0
AAA028E20.genome.CDS.1465,83.0
AAA028E20.genome.CDS.1472,23.0
AAA028E20.genome.CDS.1473,30.0
AAA028E20.genome.CDS.1474,43.0
AAA028E20.genome.CDS.1476,12.0
AAA028E20.genome.CDS.1478,28.0
AAA028E20.genome.CDS.1479,38.0
AAA028E20.genome.CDS.1480,36.0
AAA028E20.genome.CDS.1481,15.0
AAA028E20.genome.CDS.1482,50.0
AAA028E20.genome.CDS.1483,15.0
AAA028E20.genome.CDS.1485,16.0
AAA028E20.genome.CDS.1487,12.0
AAA028E20.genome.CDS.1491,18.0
AAA028E20.genome.CDS.1495,15.0
AAA028E20.genome.CDS.1501,24.0
AAA028E20.genome.CDS.1508,18.0
AAA028E20.genome.CDS.1509,10.0
AAA028E20.genome.CDS.1510,16.0
AAA028E20.genome.CDS.1512,18.0
AAA028E20.genome.CDS.1513,31.0
AAA028E20.genome.CDS.1514,12.0
AAA028E20.genome.CDS.1515,19.0
AAA028E20.genome.CDS.1517,11.0
AAA028E20.genome.CDS.1518,34.0
AAA028E20.genome.CDS.1521,14.0
AAA028E20.genome.CDS.1524,29.0
AAA028E20.genome.CDS.1537,18.0
AAA028E20.genome.CDS.1538,353.0
AAA028E20.genome.CDS.1539,158.0
AAA028E20.genome.CDS.1540,18.0
AAA028E20.genome.CDS.1551,150.0
AAA028E20.genome.CDS.1553,37.0
AAA028E20.genome.CDS.1554,10.0
AAA028E20.genome.CDS.1556,10.0
AAA028E20.genome.CDS.1564,78.0
AAA028E20.genome.CDS.1567,36.0
AAA028E20.genome.CDS.1576,12.0
AAA028E20.genome.CDS.1583,25.0
AAA028E20.genome.CDS.1584,18.0
AAA028E20.genome.CDS.1585,46.0
AAA028E20.genome.CDS.1586,60.0
AAA028E20.genome.CDS.1587,1271.0
AAA028E20.genome.CDS.1588,12.0
AAA028E20.genome.CDS.1591,10.0
AAA028E20.genome.CDS.1595,28.0
AAA028E20.genome.CDS.1596,28.0
AAA028E20.genome.CDS.1598,10.0
AAA028E20.genome.CDS.1601,12.0
AAA028E20.genome.CDS.1606,17.0
AAA028E20.genome.CDS.1607,17.0
AAA028E20.genome.CDS.1608,341.0
AAA028E20.genome.CDS.161,12.0
AAA028E20.genome.CDS.1611,90.0
AAA028E20.genome.CDS.1612,34.0
AAA028E20.genome.CDS.1614,10.0
AAA028E20.genome.CDS.1616,156.0
AAA028E20.genome.CDS.1617,31.0
AAA028E20.genome.CDS.1618,259.0
AAA028E20.genome.CDS.1619,40.0
AAA028E20.genome.CDS.1620,14.0
AAA028E20.genome.CDS.1623,88.0
AAA028E20.genome.CDS.1625,13.0
AAA028E20.genome.CDS.1626,245.0
AAA028E20.genome.CDS.1627,81.0
AAA028E20.genome.CDS.1628,633.0
AAA028E20.genome.CDS.1629,370.0
AAA028E20.genome.CDS.1631,19.0
AAA028E20.genome.CDS.1634,10.0
AAA028E20.genome.CDS.1635,24.0
AAA028E20.genome.CDS.1639,12.0
AAA028E20.genome.CDS.1641,20.0
AAA028E20.genome.CDS.1642,11.0
AAA028E20.genome.CDS.1644,11.0
AAA028E20.genome.CDS.1645,14.0
AAA028E20.genome.CDS.1646,49.0
AAA028E20.genome.CDS.1648,10.0
AAA028E20.genome.CDS.1649,12.0
AAA028E20.genome.CDS.1650,26.0
AAA028E20.genome.CDS.1651,34.0
AAA028E20.genome.CDS.1654,20.0
AAA028E20.genome.CDS.1655,35.0
AAA028E20.genome.CDS.1656,44.0
AAA028E20.genome.CDS.1658,16.0
AAA028E20.genome.CDS.1659,14.0
AAA028E20.genome.CDS.1660,11.0
AAA028E20.genome.CDS.1663,15.0
AAA028E20.genome.CDS.1664,14.0
AAA028E20.genome.CDS.1667,32.0
AAA028E20.genome.CDS.1668,22.0
AAA028E20.genome.CDS.1672,16.0
AAA028E20.genome.CDS.1674,297.0
AAA028E20.genome.CDS.1678,19.0
AAA028E20.genome.CDS.1680,130.0
AAA028E20.genome.CDS.1683,126.0
AAA028E20.genome.CDS.1684,11.0
AAA028E20.genome.CDS.1685,11.0
AAA028E20.genome.CDS.1686,13.0
AAA028E20.genome.CDS.1690,97.0
AAA028E20.genome.CDS.1695,14.0
AAA028E20.genome.CDS.1696,12.0
AAA028E20.genome.CDS.1704,82.0
AAA028E20.genome.CDS.1706,10.0
AAA028E20.genome.CDS.1711,21.0
AAA028E20.genome.CDS.1712,12.0
AAA028E20.genome.CDS.1715,17.0
AAA028E20.genome.CDS.1716,44.0
AAA028E20.genome.CDS.1718,56.0
AAA028E20.genome.CDS.1719,11.0
AAA028E20.genome.CDS.1720,13.0
AAA028E20.genome.CDS.1721,309.0
AAA028E20.genome.CDS.1722,46.0
AAA028E20.genome.CDS.1726,10.0
AAA028E20.genome.CDS.1729,12.0
AAA028E20.genome.CDS.1730,12.0
AAA028E20.genome.CDS.1735,11.0
AAA028E20.genome.CDS.1736,11.0
AAA028E20.genome.CDS.1738,68.0
AAA028E20.genome.CDS.1739,10.0
AAA028E20.genome.CDS.1740,52.0
AAA028E20.genome.CDS.1741,34.0
AAA028E20.genome.CDS.1746,23.0
AAA028E20.genome.CDS.1754,20.0
AAA028E20.genome.CDS.1755,45.0
AAA028E20.genome.CDS.1756,122.0
AAA028E20.genome.CDS.1757,2549.0
AAA028E20.genome.CDS.1759,20.0
AAA028E20.genome.CDS.1760,11.0
AAA028E20.genome.CDS.1761,24.0
AAA028E20.genome.CDS.1763,16.0
AAA028E20.genome.CDS.1764,23.0
AAA028E20.genome.CDS.1765,222.0
AAA028E20.genome.CDS.1771,18.0
AAA028E20.genome.CDS.1773,10.0
AAA028E20.genome.CDS.1774,16.0
AAA028E20.genome.CDS.1775,26.0
AAA028E20.genome.CDS.1777,24.0
AAA028E20.genome.CDS.1779,10.0
AAA028E20.genome.CDS.1782,14.0
AAA028E20.genome.CDS.1783,108.0
AAA028E20.genome.CDS.1785,115.0
AAA028E20.genome.CDS.1788,19.0
AAA028E20.genome.CDS.1791,10.0
AAA028E20.genome.CDS.1804,15.0
AAA028E20.genome.CDS.1811,14.0
AAA028E20.genome.CDS.1812,23.0
AAA028E20.genome.CDS.1815,78.0
AAA028E20.genome.CDS.1817,201.0
AAA028E20.genome.CDS.1818,23.0
AAA028E20.genome.CDS.1820,26.0
AAA028E20.genome.CDS.1821,18.0
AAA028E20.genome.CDS.1822,10.0
AAA028E20.genome.CDS.1824,13.0
AAA028E20.genome.CDS.1825,11.0
AAA028E20.genome.CDS.1827,10.0
AAA028E20.genome.CDS.1829,14.0
AAA028E20.genome.CDS.1838,12.0
AAA028E20.genome.CDS.1840,298.0
AAA028E20.genome.CDS.277,41.0
AAA028E20.genome.CDS.32,19.0
AAA028E20.genome.CDS.33,27.0
AAA028E20.genome.CDS.383,59.0
AAA028E20.genome.CDS.456,82.0
AAA028E20.genome.CDS.49,13.0
AAA028E20.genome.CDS.562,17.0
AAA028E20.genome.CDS.827,15.0
AAA028E20.genome.CDS.885,13.0
AAA028E20.genome.CDS.915,46.0
AAA028E20.genome.CDS.916,11.0
AAA028E20.genome.CDS.917,15.0
AAA028E20.genome.CDS.919,13.0
AAA028E20.genome.CDS.923,56.0
AAA028E20.genome.CDS.924,20.0
AAA028E20.genome.CDS.927,457.0
AAA028E20.genome.CDS.928,13.0
AAA028E20.genome.CDS.929,17.0
AAA028E20.genome.CDS.930,302.0
AAA028E20.genome.CDS.931,17.0
AAA028E20.genome.CDS.933,20.0
AAA028E20.genome.CDS.934,26.0
AAA028E20.genome.CDS.935,18.0
AAA028E20.genome.CDS.938,285.0
AAA028E20.genome.CDS.939,23.0
AAA028E20.genome.CDS.940,37.0
AAA028E20.genome.CDS.941,2886.0
AAA028E20.genome.CDS.942,12.0
AAA028E20.genome.CDS.943,28.0
AAA028E20.genome.CDS.944,205.0
AAA028E20.genome.CDS.946,23.0
AAA028E20.genome.CDS.951,29.0
AAA028E20.genome.CDS.952,50.0
AAA028E20.genome.CDS.955,16.0
AAA028E20.genome.CDS.956,89.0
AAA028E20.genome.CDS.958,11.0
AAA028E20.genome.CDS.959,24.0
AAA028E20.genome.CDS.962,76.0
AAA028E20.genome.CDS.963,127.0
AAA028E20.genome.CDS.968,23.0
AAA028E20.genome.CDS.969,51.0
AAA028E20.genome.CDS.970,19.0
AAA028E20.genome.CDS.975,2410.0
AAA028E20.genome.CDS.976,101.0
AAA028E20.genome.CDS.978,77.0
AAA028E20.genome.CDS.984,11.0
AAA028E20.genome.CDS.993,16.0
AAA028G02.genome.CDS.1374,17.0
AAA028G02.genome.CDS.1430,71.0
AAA028G02.genome.CDS.1431,14.0
AAA028G02.genome.CDS.1435,21.0
AAA028G02.genome.CDS.1436,13.0
AAA028G02.genome.CDS.1438,27.0
AAA028G02.genome.CDS.1439,18.0
AAA028G02.genome.CDS.1445,118.0
AAA028G02.genome.CDS.1451,12.0
AAA028G02.genome.CDS.1452,113.0
AAA028G02.genome.CDS.1716,236.0
AAA028G02.genome.CDS.1901,23.0
AAA028G02.genome.CDS.2037,26.0
AAA028G02.genome.CDS.2095,18.0
AAA028G02.genome.CDS.2117,88.0
AAA028G02.genome.CDS.2352,10.0
AAA028G02.genome.CDS.2395,70.0
AAA028G02.genome.CDS.2396,233.0
AAA028G02.genome.CDS.2403,21.0
AAA028G02.genome.CDS.2460,15.0
AAA028G02.genome.CDS.2461,33.0
AAA028G02.genome.CDS.2466,11.0
AAA028G02.genome.CDS.2467,41.0
AAA028G02.genome.CDS.2468,153.0
AAA028G02.genome.CDS.2470,12.0
AAA028G02.genome.CDS.2473,24.0
AAA028G02.genome.CDS.2548,10.0
AAA028G02.genome.CDS.2559,16.0
AAA028G02.genome.CDS.2564,12.0
AAA028I14.genome.CDS.1066,16.0
AAA028I14.genome.CDS.1121,221.0
AAA028I14.genome.CDS.1152,53.0
AAA028I14.genome.CDS.1153,23.0
AAA028I14.genome.CDS.1309,50.0
AAA028I14.genome.CDS.1369,247.0
AAA028I14.genome.CDS.802,22.0
AAA028I14.genome.CDS.823,280.0
AAA028I14.genome.CDS.831,1968.0
AAA028I14.genome.CDS.897,10.0
AAA028I14.genome.CDS.965,10.0
AAA028I14.genome.CDS.992,74.0
AAA028I14.genome.CDS.993,71.0
AAA041L13.genome.CDS.1569,137.0
AAA041L13.genome.CDS.1577,19.0
AAA041L13.genome.CDS.1639,143.0
AAA041L13.genome.CDS.1642,15.0
AAA041L13.genome.CDS.1694,67.0
AAA041L13.genome.CDS.1739,15.0
AAA041L13.genome.CDS.1763,85.0
AAA041L13.genome.CDS.1764,12.0
AAA041L13.genome.CDS.1834,18.0
AAA041L13.genome.CDS.1843,12.0
AAA041L13.genome.CDS.1982,226.0
AAA041L13.genome.CDS.1983,14.0
AAA041L13.genome.CDS.1991,10.0
AAA041L13.genome.CDS.2078,23.0
AAA041L13.genome.CDS.2086,11.0
AAA041L13.genome.CDS.2090,42.0
AAA041L13.genome.CDS.2133,10.0
AAA041L13.genome.CDS.2134,17.0
AAA041L13.genome.CDS.2228,43.0
AAA041L13.genome.CDS.2248,34.0
AAA041L13.genome.CDS.2269,13.0
AAA041L13.genome.CDS.2272,10.0
AAA041L13.genome.CDS.2280,29.0
AAA041L13.genome.CDS.2337,11.0
AAA041L13.genome.CDS.2685,34.0
AAA041L13.genome.CDS.2965,267.0
AAA044D11.genome.CDS.1410,11.0
AAA044D11.genome.CDS.1411,47.0
AAA044D11.genome.CDS.1412,52.0
AAA044D11.genome.CDS.1416,20.0
AAA044D11.genome.CDS.1418,18.0
AAA044D11.genome.CDS.1419,122.0
AAA044D11.genome.CDS.1420,15.0
AAA044D11.genome.CDS.1422,12.0
AAA044D11.genome.CDS.1423,12.0
AAA044D11.genome.CDS.1424,14.0
AAA044D11.genome.CDS.1428,17.0
AAA044D11.genome.CDS.1433,23.0
AAA044D11.genome.CDS.1445,12.0
AAA044D11.genome.CDS.1447,15.0
AAA044D11.genome.CDS.1448,10.0
AAA044D11.genome.CDS.1528,13.0
AAA044D11.genome.CDS.1628,10.0
AAA044D11.genome.CDS.1712,714.0
AAA044D11.genome.CDS.1942,59.0
AAA044D11.genome.CDS.2013,14.0
AAA044D11.genome.CDS.2097,54.0
AAA044D11.genome.CDS.2154,22.0
AAA044N04.genome.CDS.1284,11.0
AAA044N04.genome.CDS.1285,18.0
AAA044N04.genome.CDS.1293,16.0
AAA044N04.genome.CDS.1295,35.0
AAA044N04.genome.CDS.1296,57.0
AAA044N04.genome.CDS.1297,11.0
AAA044N04.genome.CDS.1299,47.0
AAA044N04.genome.CDS.1300,28.0
AAA044N04.genome.CDS.1310,75.0
AAA044N04.genome.CDS.1311,110.0
AAA044N04.genome.CDS.1316,10.0
AAA044N04.genome.CDS.1317,13.0
AAA044N04.genome.CDS.1363,21.0
AAA044N04.genome.CDS.1384,240.0
AAA044N04.genome.CDS.1422,12.0
AAA044N04.genome.CDS.1481,298.0
AAA044N04.genome.CDS.1512,50.0
AAA044N04.genome.CDS.1582,68.0
AAA044N04.genome.CDS.1606,10.0
AAA044N04.genome.CDS.1681,22.0
AAA044N04.genome.CDS.1924,11.0
AAA044N04.genome.CDS.1946,64.0
AAA044N04.genome.CDS.1984,22.0
AAA044N04.genome.CDS.2010,44.0
AAA044N04.genome.CDS.2036,28.0
AAA044N04.genome.CDS.2138,33.0
AAA044N04.genome.CDS.2244,12.0
AAA044N04.genome.CDS.2309,55.0
AAA044N04.genome.CDS.2313,13.0
AAA044N04.genome.CDS.2386,13.0
AAA044N04.genome.CDS.2398,14.0
AAA044N04.genome.CDS.2442,26.0
AAA044N04.genome.CDS.2461,33.0
AAA044N04.genome.CDS.2483,140.0
AAA044N04.genome.CDS.2491,27.0
AAA044N04.genome.CDS.2522,12.0
AAA044N04.genome.CDS.2574,17.0
AAA044N04.genome.CDS.2575,23.0
AAA044O16.genome.CDS.1424,60.0
AAA044O16.genome.CDS.1432,26.0
AAA044O16.genome.CDS.1461,13.0
AAA044O16.genome.CDS.1675,11.0
AAA044O16.genome.CDS.1676,17.0
AAA044O16.genome.CDS.1692,20.0
AAA044O16.genome.CDS.1695,10.0
AAA044O16.genome.CDS.1696,10.0
AAA044O16.genome.CDS.1697,134.0
AAA044O16.genome.CDS.1698,34.0
AAA044O16.genome.CDS.1703,14.0
AAA044O16.genome.CDS.1707,13.0
AAA044O16.genome.CDS.1836,74.0
AAA044O16.genome.CDS.1896,75.0
AAA044O16.genome.CDS.1915,15.0
AAA044O16.genome.CDS.1917,12.0
AAA044O16.genome.CDS.2325,30.0
AAA278I18.genome.CDS.1019,14.0
AAA278I18.genome.CDS.1247,18.0
AAA278I18.genome.CDS.1258,251.0
AAA278I18.genome.CDS.1911,325.0
AAA278O22.genome.CDS.1220,10.0
AAA278O22.genome.CDS.1268,63.0
AAA278O22.genome.CDS.1273,12.0
AAA278O22.genome.CDS.1519,11.0
AAA278O22.genome.CDS.1543,11.0
AAA278O22.genome.CDS.1762,17.0
AAA278O22.genome.CDS.1830,68.0
AAA278O22.genome.CDS.1880,12.0
AAA278O22.genome.CDS.1882,30.0
AAA278O22.genome.CDS.1896,29.0
AAA278O22.genome.CDS.1899,14.0
AAA278O22.genome.CDS.1900,21.0
AAA278O22.genome.CDS.1902,22.0
AAA278O22.genome.CDS.1903,114.0
AAA278O22.genome.CDS.1907,59.0
AAA278O22.genome.CDS.1908,155.0
AAA278O22.genome.CDS.1909,198.0
AAA278O22.genome.CDS.1911,26.0
AAA278O22.genome.CDS.1913,135.0
AAA278O22.genome.CDS.1914,96.0
AAA278O22.genome.CDS.1915,32.0
AAA278O22.genome.CDS.1916,77.0
AAA278O22.genome.CDS.1926,23.0
AAA278O22.genome.CDS.1971,27.0
AAA278O22.genome.CDS.2261,13.0
AAA278O22.genome.CDS.2299,15.0
AB141P03.genome.CDS.1091,12.0
AB141P03.genome.CDS.1112,69.0
AB141P03.genome.CDS.1234,42.0
AB141P03.genome.CDS.1331,18.0
AB141P03.genome.CDS.1364,10.0
AB141P03.genome.CDS.784,68.0
AB141P03.genome.CDS.805,392.0
AB141P03.genome.CDS.838,55.0
AB141P03.genome.CDS.916,80.0
BIN_10.genome.CDS.1109,12.0
BIN_10.genome.CDS.1111,63.0
BIN_10.genome.CDS.1114,17.0
BIN_10.genome.CDS.1119,917.0
BIN_10.genome.CDS.1120,161.0
BIN_10.genome.CDS.1127,20.0
BIN_10.genome.CDS.1128,93.0
BIN_10.genome.CDS.1129,50.0
BIN_10.genome.CDS.1130,17.0
BIN_10.genome.CDS.1133,18.0
BIN_10.genome.CDS.1134,119.0
BIN_10.genome.CDS.1135,20.0
BIN_10.genome.CDS.1136,13.0
BIN_10.genome.CDS.1137,39.0
BIN_10.genome.CDS.1138,11.0
BIN_10.genome.CDS.1147,203.0
BIN_10.genome.CDS.1148,267.0
BIN_10.genome.CDS.1151,24.0
BIN_10.genome.CDS.1155,29.0
BIN_10.genome.CDS.1158,26.0
BIN_10.genome.CDS.1159,14.0
BIN_10.genome.CDS.1162,244.0
BIN_10.genome.CDS.1177,28.0
BIN_10.genome.CDS.1191,35.0
BIN_10.genome.CDS.1192,126.0
BIN_10.genome.CDS.1193,76.0
BIN_10.genome.CDS.1194,38.0
BIN_10.genome.CDS.1195,24.0
BIN_10.genome.CDS.1206,238.0
BIN_10.genome.CDS.1212,23.0
BIN_10.genome.CDS.1221,4334.0
BIN_10.genome.CDS.1225,10.0
BIN_10.genome.CDS.1248,14.0
BIN_10.genome.CDS.1250,130.0
BIN_10.genome.CDS.1281,11.0
BIN_10.genome.CDS.1287,122.0
BIN_10.genome.CDS.1288,14.0
BIN_10.genome.CDS.1290,56.0
BIN_10.genome.CDS.1291,39.0
BIN_10.genome.CDS.1292,14.0
BIN_10.genome.CDS.1293,107.0
BIN_10.genome.CDS.1295,26.0
BIN_10.genome.CDS.1297,20.0
BIN_10.genome.CDS.1301,312.0
BIN_10.genome.CDS.1308,62.0
BIN_10.genome.CDS.1313,1706.0
BIN_10.genome.CDS.1314,1589.0
BIN_10.genome.CDS.1315,365.0
BIN_10.genome.CDS.1318,723.0
BIN_10.genome.CDS.1319,1348.0
BIN_10.genome.CDS.1321,207.0
BIN_10.genome.CDS.1322,144.0
BIN_10.genome.CDS.1355,189.0
BIN_10.genome.CDS.1358,27.0
BIN_10.genome.CDS.1359,31.0
BIN_10.genome.CDS.1362,186.0
BIN_10.genome.CDS.1363,174.0
BIN_10.genome.CDS.1364,213.0
BIN_10.genome.CDS.1365,180.0
BIN_10.genome.CDS.1366,434.0
BIN_10.genome.CDS.1368,225.0
BIN_10.genome.CDS.1369,467.0
BIN_10.genome.CDS.1370,72.0
BIN_10.genome.CDS.1371,104.0
BIN_10.genome.CDS.1372,142.0
BIN_10.genome.CDS.1378,48.0
BIN_10.genome.CDS.1379,41.0
BIN_10.genome.CDS.1380,20.0
BIN_10.genome.CDS.1381,39.0
BIN_10.genome.CDS.1383,11.0
BIN_10.genome.CDS.1384,18.0
BIN_10.genome.CDS.1389,39.0
BIN_10.genome.CDS.1390,18.0
BIN_10.genome.CDS.1396,96.0
BIN_10.genome.CDS.1398,27.0
BIN_10.genome.CDS.1400,19.0
BIN_10.genome.CDS.1401,39.0
BIN_10.genome.CDS.1403,11.0
BIN_10.genome.CDS.1404,41.0
BIN_10.genome.CDS.1405,95.0
BIN_10.genome.CDS.1406,104.0
BIN_10.genome.CDS.1407,18.0
BIN_10.genome.CDS.1415,13.0
BIN_10.genome.CDS.1437,42.0
BIN_10.genome.CDS.1438,210.0
BIN_10.genome.CDS.1439,399.0
BIN_10.genome.CDS.1445,11.0
BIN_10.genome.CDS.1456,14.0
BIN_10.genome.CDS.1464,15.0
BIN_10.genome.CDS.1467,17.0
BIN_10.genome.CDS.1468,13.0
BIN_10.genome.CDS.1485,32.0
BIN_10.genome.CDS.1486,55.0
BIN_10.genome.CDS.1487,80.0
BIN_10.genome.CDS.1488,56.0
BIN_10.genome.CDS.1490,61.0
BIN_10.genome.CDS.1492,25.0
BIN_10.genome.CDS.1496,18.0
BIN_10.genome.CDS.1504,31.0
BIN_10.genome.CDS.1523,50.0
BIN_10.genome.CDS.1524,17.0
BIN_10.genome.CDS.1526,108.0
BIN_10.genome.CDS.1527,31.0
BIN_10.genome.CDS.1528,41.0
BIN_10.genome.CDS.1529,40.0
BIN_10.genome.CDS.1530,53.0
BIN_10.genome.CDS.1533,34.0
BIN_10.genome.CDS.1534,39.0
BIN_10.genome.CDS.1535,130.0
BIN_10.genome.CDS.1536,103.0
BIN_10.genome.CDS.1537,38.0
BIN_10.genome.CDS.1538,24.0
BIN_10.genome.CDS.1540,66.0
BIN_10.genome.CDS.1543,10.0
BIN_10.genome.CDS.1544,178.0
BIN_10.genome.CDS.1547,151.0
BIN_10.genome.CDS.1548,24.0
BIN_10.genome.CDS.1549,43.0
BIN_10.genome.CDS.1550,14.0
BIN_10.genome.CDS.1552,76.0
BIN_10.genome.CDS.1553,37.0
BIN_10.genome.CDS.1554,55.0
BIN_10.genome.CDS.1558,12.0
BIN_10.genome.CDS.1573,32.0
BIN_10.genome.CDS.1574,45.0
BIN_10.genome.CDS.1578,71.0
BIN_10.genome.CDS.1587,11.0
BIN_10.genome.CDS.1591,15.0
BIN_10.genome.CDS.1602,48.0
BIN_10.genome.CDS.1603,27.0
BIN_10.genome.CDS.1605,77.0
BIN_10.genome.CDS.1606,109.0
BIN_10.genome.CDS.1607,838.0
BIN_10.genome.CDS.1608,22.0
BIN_10.genome.CDS.1609,23.0
BIN_10.genome.CDS.1610,44.0
BIN_10.genome.CDS.1611,37.0
BIN_10.genome.CDS.1612,15.0
BIN_10.genome.CDS.1613,30.0
BIN_10.genome.CDS.1615,40.0
BIN_10.genome.CDS.1632,11.0
BIN_10.genome.CDS.1633,111.0
BIN_10.genome.CDS.1636,2306.0
BIN_10.genome.CDS.1637,6636.0
BIN_10.genome.CDS.1648,569.0
BIN_10.genome.CDS.1649,59.0
BIN_10.genome.CDS.1680,84.0
BIN_10.genome.CDS.1684,33.0
BIN_10.genome.CDS.1685,10.0
BIN_10.genome.CDS.1686,24.0
BIN_10.genome.CDS.1687,44.0
BIN_10.genome.CDS.1688,161.0
BIN_10.genome.CDS.1705,394.0
BIN_10.genome.CDS.1710,19.0
BIN_10.genome.CDS.1711,11.0
BIN_10.genome.CDS.1712,23.0
BIN_10.genome.CDS.1743,1266.0
BIN_10.genome.CDS.1766,387.0
BIN_10.genome.CDS.1767,871.0
BIN_10.genome.CDS.1768,93.0
BIN_10.genome.CDS.1769,72.0
BIN_10.genome.CDS.1770,32.0
BIN_10.genome.CDS.1773,19.0
BIN_10.genome.CDS.1775,7070.0
BIN_10.genome.CDS.1780,34.0
BIN_10.genome.CDS.1782,81.0
BIN_10.genome.CDS.1783,26.0
BIN_10.genome.CDS.1789,25.0
BIN_10.genome.CDS.1790,10.0
BIN_10.genome.CDS.1792,303.0
BIN_10.genome.CDS.1793,328.0
BIN_10.genome.CDS.1794,712.0
BIN_10.genome.CDS.1795,16.0
BIN_10.genome.CDS.1796,22.0
BIN_10.genome.CDS.1797,10.0
BIN_10.genome.CDS.1801,30.0
BIN_10.genome.CDS.1810,133.0
BIN_10.genome.CDS.1824,36.0
BIN_10.genome.CDS.1825,63.0
BIN_10.genome.CDS.1826,49.0
BIN_10.genome.CDS.1828,29.0
BIN_10.genome.CDS.1831,79.0
BIN_10.genome.CDS.1832,39.0
BIN_10.genome.CDS.1833,23.0
BIN_10.genome.CDS.1863,429.0
BIN_10.genome.CDS.1874,28.0
BIN_10.genome.CDS.1900,11.0
BIN_10.genome.CDS.1903,11301.0
BIN_10.genome.CDS.1908,13.0
BIN_10.genome.CDS.1911,28.0
BIN_10.genome.CDS.1913,14.0
BIN_10.genome.CDS.1916,14.0
BIN_10.genome.CDS.1917,121.0
BIN_10.genome.CDS.1918,206.0
BIN_10.genome.CDS.1927,51.0
BIN_10.genome.CDS.1928,57.0
BIN_10.genome.CDS.1929,47.0
BIN_10.genome.CDS.1930,41.0
BIN_10.genome.CDS.1931,30.0
BIN_10.genome.CDS.1932,10.0
BIN_10.genome.CDS.1962,52.0
BIN_10.genome.CDS.1964,101.0
BIN_10.genome.CDS.1965,276.0
BIN_10.genome.CDS.1966,36.0
BIN_10.genome.CDS.1967,16.0
BIN_10.genome.CDS.1969,33.0
BIN_10.genome.CDS.1976,197.0
BIN_10.genome.CDS.1977,280.0
BIN_10.genome.CDS.1989,22.0
BIN_10.genome.CDS.1994,14.0
BIN_10.genome.CDS.2008,12.0
BIN_10.genome.CDS.2023,1438.0
BIN_10.genome.CDS.2038,14.0
BIN_10.genome.CDS.2039,74.0
BIN_10.genome.CDS.2041,44.0
BIN_10.genome.CDS.2043,341.0
BIN_10.genome.CDS.2046,78.0
BIN_10.genome.CDS.2047,56.0
BIN_10.genome.CDS.2088,14.0
BIN_10.genome.CDS.2089,93.0
BIN_10.genome.CDS.2090,22.0
BIN_10.genome.CDS.2091,16.0
BIN_10.genome.CDS.2093,15.0
BIN_10.genome.CDS.2094,55.0
BIN_10.genome.CDS.2095,21.0
BIN_10.genome.CDS.2097,10.0
BIN_10.genome.CDS.2143,67.0
BIN_10.genome.CDS.2148,12.0
BIN_10.genome.CDS.2150,103.0
BIN_10.genome.CDS.2151,26.0
BIN_10.genome.CDS.2155,297.0
BIN_10.genome.CDS.2213,15.0
BIN_10.genome.CDS.2214,35.0
BIN_10.genome.CDS.237,10.0
BIN_10.genome.CDS.256,26.0
BIN_10.genome.CDS.264,32.0
BIN_10.genome.CDS.285,26.0
BIN_10.genome.CDS.286,11.0
BIN_10.genome.CDS.415,16.0
BIN_10.genome.CDS.445,106.0
BIN_10.genome.CDS.472,22.0
BIN_10.genome.CDS.473,44.0
BIN_10.genome.CDS.516,10.0
BIN_10.genome.CDS.546,49.0
BIN_10.genome.CDS.64,12.0
BIN_10.genome.CDS.666,18.0
BIN_10.genome.CDS.668,35.0
BIN_10.genome.CDS.672,31.0
BIN_10.genome.CDS.861,11.0
MEint1363.genome.CDS.1015,21.0
MEint1363.genome.CDS.1016,264.0
MEint1363.genome.CDS.1019,11.0
MEint1363.genome.CDS.1058,93.0
MEint1363.genome.CDS.1068,156.0
MEint1363.genome.CDS.1073,32.0
MEint1363.genome.CDS.1074,23.0
MEint1363.genome.CDS.1075,29.0
MEint1363.genome.CDS.1077,12.0
MEint1363.genome.CDS.1081,11.0
MEint1363.genome.CDS.1086,15.0
MEint1363.genome.CDS.1092,289.0
MEint1363.genome.CDS.1113,11.0
MEint1363.genome.CDS.1116,24.0
MEint1363.genome.CDS.1117,18.0
MEint1363.genome.CDS.1140,20.0
MEint1363.genome.CDS.1151,14.0
MEint1363.genome.CDS.1155,14.0
MEint1363.genome.CDS.1156,13.0
MEint1363.genome.CDS.1161,11.0
MEint1363.genome.CDS.1173,15.0
MEint1363.genome.CDS.1175,15.0
MEint1363.genome.CDS.1180,457.0
MEint1363.genome.CDS.1186,17.0
MEint1363.genome.CDS.1194,13.0
MEint1363.genome.CDS.1195,11.0
MEint1363.genome.CDS.1197,12.0
MEint1363.genome.CDS.1200,10.0
MEint1363.genome.CDS.1201,290.0
MEint1363.genome.CDS.1202,13.0
MEint1363.genome.CDS.1206,525.0
MEint1363.genome.CDS.1273,31.0
MEint1363.genome.CDS.1274,43.0
MEint1363.genome.CDS.1275,11.0
MEint1363.genome.CDS.1278,15.0
MEint1363.genome.CDS.1279,11.0
MEint1363.genome.CDS.1288,11.0
MEint1363.genome.CDS.1289,267.0
MEint1363.genome.CDS.1290,373.0
MEint1363.genome.CDS.1296,18.0
MEint1363.genome.CDS.1313,86.0
MEint1363.genome.CDS.1315,28.0
MEint1363.genome.CDS.1322,30.0
MEint1363.genome.CDS.1323,53.0
MEint1363.genome.CDS.1324,25.0
MEint1363.genome.CDS.1335,14.0
MEint1363.genome.CDS.1353,53.0
MEint1363.genome.CDS.1358,13.0
MEint1363.genome.CDS.1359,10.0
MEint1363.genome.CDS.1360,13.0
MEint1363.genome.CDS.1361,323.0
MEint1363.genome.CDS.1371,17.0
MEint1363.genome.CDS.1374,13.0
MEint1363.genome.CDS.1375,12.0
MEint1363.genome.CDS.1395,62.0
MEint1363.genome.CDS.1402,19.0
MEint1363.genome.CDS.1404,137.0
MEint1363.genome.CDS.1411,13.0
MEint1363.genome.CDS.1412,42.0
MEint1363.genome.CDS.1428,344.0
MEint1363.genome.CDS.1429,10.0
MEint1363.genome.CDS.1432,10.0
MEint1363.genome.CDS.1458,306.0
MEint1363.genome.CDS.1470,26.0
MEint1363.genome.CDS.1474,14.0
MEint1363.genome.CDS.1475,21.0
MEint1363.genome.CDS.1492,42.0
MEint1363.genome.CDS.1497,223.0
MEint1363.genome.CDS.1510,17.0
MEint1363.genome.CDS.1511,14.0
MEint1363.genome.CDS.1543,15.0
MEint1363.genome.CDS.1550,12.0
MEint1363.genome.CDS.1552,270.0
MEint1363.genome.CDS.1556,11.0
MEint1363.genome.CDS.1609,12.0
MEint1363.genome.CDS.1612,254.0
MEint1363.genome.CDS.1620,22.0
MEint1363.genome.CDS.1637,13.0
MEint1363.genome.CDS.1666,16.0
MEint1363.genome.CDS.1672,11.0
MEint1363.genome.CDS.1738,99.0
MEint1363.genome.CDS.1780,18.0
MEint1363.genome.CDS.1794,13.0
MEint1363.genome.CDS.1835,11.0
MEint1363.genome.CDS.1849,32.0
MEint1363.genome.CDS.1857,238.0
MEint1363.genome.CDS.942,13.0
MEint1363.genome.CDS.946,18.0
MEint1363.genome.CDS.950,10.0
MEint2297.genome.CDS.1027,31.0
MEint2297.genome.CDS.1105,458.0
MEint2297.genome.CDS.1240,10.0
MEint2297.genome.CDS.1370,25.0
MEint2297.genome.CDS.1451,19.0
MEint2297.genome.CDS.1461,40.0
MEint2297.genome.CDS.1498,12.0
MEint2297.genome.CDS.1517,20.0
MEint2297.genome.CDS.1523,25.0
MEint2297.genome.CDS.1530,10.0
MEint2297.genome.CDS.1531,23.0
MEint2297.genome.CDS.1535,12.0
MEint2297.genome.CDS.1536,16.0
MEint2297.genome.CDS.1537,15.0
MEint2297.genome.CDS.1538,15.0
MEint2297.genome.CDS.1540,16.0
MEint2297.genome.CDS.1546,10.0
MEint2297.genome.CDS.1560,48.0
MEint2297.genome.CDS.1583,11.0
MEint2297.genome.CDS.1588,190.0
MEint2297.genome.CDS.1604,14.0
MEint2297.genome.CDS.1607,20.0
MEint2297.genome.CDS.1665,24.0
MEint2297.genome.CDS.1694,11.0
MEint2297.genome.CDS.1698,506.0
MEint2297.genome.CDS.1701,18.0
MEint2297.genome.CDS.1705,15.0
MEint2297.genome.CDS.1707,13.0
MEint2297.genome.CDS.1709,336.0
MEint2297.genome.CDS.1717,25.0
MEint2297.genome.CDS.1762,16.0
MEint2297.genome.CDS.1792,194.0
MEint2297.genome.CDS.1801,89.0
MEint2297.genome.CDS.1803,11.0
MEint2297.genome.CDS.1805,17.0
MEint2297.genome.CDS.1811,10.0
MEint2297.genome.CDS.1834,10.0
MEint2297.genome.CDS.1855,13.0
MEint2297.genome.CDS.1859,483.0
MEint2297.genome.CDS.1861,37.0
MEint2297.genome.CDS.1862,23.0
MEint2297.genome.CDS.1869,18.0
MEint2297.genome.CDS.1870,111.0
MEint2297.genome.CDS.1897,10.0
MEint2297.genome.CDS.1901,19.0
MEint2297.genome.CDS.1920,17.0
MEint2297.genome.CDS.1935,50.0
MEint2297.genome.CDS.1941,54.0
MEint2297.genome.CDS.1948,32.0
MEint2297.genome.CDS.1954,11.0
MEint2297.genome.CDS.1981,13.0
MEint2297.genome.CDS.2002,126.0
MEint2297.genome.CDS.2007,391.0
MEint2297.genome.CDS.2008,18.0
MEint2297.genome.CDS.2013,10.0
MEint2297.genome.CDS.2015,10.0
MEint2297.genome.CDS.2024,10.0
MEint2297.genome.CDS.2028,14.0
MEint2297.genome.CDS.2029,356.0
MEint2297.genome.CDS.2051,10.0
MEint2297.genome.CDS.2056,10.0
MEint2297.genome.CDS.2061,24.0
MEint2297.genome.CDS.2071,11.0
MEint2297.genome.CDS.2073,11.0
MEint2297.genome.CDS.2079,11.0
MEint2297.genome.CDS.2080,16.0
MEint2297.genome.CDS.2083,15.0
MEint2297.genome.CDS.2157,14.0
MEint2297.genome.CDS.2169,10.0
MEint2297.genome.CDS.2179,81.0
MEint2297.genome.CDS.2180,153.0
MEint2297.genome.CDS.2186,23.0
MEint2297.genome.CDS.2230,12.0
MEint2297.genome.CDS.2232,16.0
MEint2297.genome.CDS.2234,10.0
MEint2297.genome.CDS.2248,10.0
MEint2297.genome.CDS.2251,10.0
MEint2297.genome.CDS.2252,13.0
MEint2297.genome.CDS.2255,389.0
MEint2297.genome.CDS.2260,162.0
MEint2297.genome.CDS.2313,11.0
MEint2297.genome.CDS.2327,19.0
MEint2297.genome.CDS.2340,16.0
MEint2297.genome.CDS.2344,14.0
MEint2297.genome.CDS.2345,28.0
MEint2297.genome.CDS.2352,10.0
MEint2297.genome.CDS.2372,10.0
MEint2297.genome.CDS.2373,11.0
MEint2297.genome.CDS.2374,13.0
MEint2297.genome.CDS.2377,35.0
MEint2297.genome.CDS.2401,22.0
MEint2297.genome.CDS.2403,785.0
MEint2297.genome.CDS.2418,18.0
MEint2297.genome.CDS.2437,13.0
MEint2297.genome.CDS.2444,186.0
MEint2297.genome.CDS.2504,10.0
MEint2297.genome.CDS.2506,18.0
MEint2297.genome.CDS.2507,672.0
MEint2297.genome.CDS.2516,25.0
MEint2297.genome.CDS.2518,20.0
MEint2297.genome.CDS.2553,17.0
MEint2297.genome.CDS.2554,13.0
MEint2297.genome.CDS.2572,12.0
MEint2297.genome.CDS.2577,44.0
MEint2297.genome.CDS.2588,19.0
MEint2297.genome.CDS.2621,18.0
MEint2297.genome.CDS.2623,24.0
MEint2297.genome.CDS.2636,54.0
MEint2297.genome.CDS.2660,13.0
MEint2297.genome.CDS.2673,11.0
MEint2297.genome.CDS.2685,12.0
MEint2297.genome.CDS.2689,10.0
MEint2297.genome.CDS.2697,23.0
MEint2297.genome.CDS.2698,148.0
MEint2297.genome.CDS.2706,47.0
MEint2297.genome.CDS.2725,22.0
MEint2297.genome.CDS.2730,12.0
MEint2297.genome.CDS.877,26.0
MEint283.genome.CDS.1023,96.0
MEint283.genome.CDS.1025,15.0
MEint283.genome.CDS.1028,12.0
MEint283.genome.CDS.1031,11.0
MEint283.genome.CDS.1033,56.0
MEint283.genome.CDS.1051,11.0
MEint283.genome.CDS.1074,14.0
MEint283.genome.CDS.1075,76.0
MEint283.genome.CDS.1076,54.0
MEint283.genome.CDS.1077,119.0
MEint283.genome.CDS.1096,11.0
MEint283.genome.CDS.1104,12.0
MEint283.genome.CDS.1114,12.0
MEint283.genome.CDS.1115,10.0
MEint283.genome.CDS.1117,11.0
MEint283.genome.CDS.1120,12.0
MEint283.genome.CDS.1125,10.0
MEint283.genome.CDS.1128,15.0
MEint283.genome.CDS.1129,30.0
MEint283.genome.CDS.1130,40.0
MEint283.genome.CDS.1131,29.0
MEint283.genome.CDS.1133,21.0
MEint283.genome.CDS.1136,22.0
MEint283.genome.CDS.1138,39.0
MEint283.genome.CDS.1139,26.0
MEint283.genome.CDS.1143,15.0
MEint283.genome.CDS.1151,56.0
MEint283.genome.CDS.1165,13.0
MEint283.genome.CDS.1167,65.0
MEint283.genome.CDS.1168,49.0
MEint283.genome.CDS.1169,2099.0
MEint283.genome.CDS.1209,17.0
MEint283.genome.CDS.1211,14.0
MEint283.genome.CDS.1237,13.0
MEint283.genome.CDS.1239,11.0
MEint283.genome.CDS.1246,28.0
MEint283.genome.CDS.1252,10.0
MEint283.genome.CDS.1253,29.0
MEint283.genome.CDS.1254,31.0
MEint283.genome.CDS.1255,27.0
MEint283.genome.CDS.1256,14.0
MEint283.genome.CDS.1270,12.0
MEint283.genome.CDS.1285,23.0
MEint283.genome.CDS.1286,745.0
MEint283.genome.CDS.1287,10.0
MEint283.genome.CDS.1311,10.0
MEint283.genome.CDS.1313,16.0
MEint283.genome.CDS.1314,163.0
MEint283.genome.CDS.1323,13.0
MEint283.genome.CDS.1324,13.0
MEint283.genome.CDS.1326,31.0
MEint283.genome.CDS.1328,13.0
MEint283.genome.CDS.1335,27.0
MEint283.genome.CDS.1344,44.0
MEint283.genome.CDS.1345,94.0
MEint283.genome.CDS.1346,16.0
MEint283.genome.CDS.1351,10.0
MEint283.genome.CDS.1354,11.0
MEint283.genome.CDS.1360,13.0
MEint283.genome.CDS.1377,396.0
MEint283.genome.CDS.1378,21.0
MEint283.genome.CDS.1398,17.0
MEint283.genome.CDS.1406,11.0
MEint283.genome.CDS.1420,11.0
MEint283.genome.CDS.1430,10.0
MEint283.genome.CDS.1438,11.0
MEint283.genome.CDS.1467,10.0
MEint283.genome.CDS.1482,16.0
MEint283.genome.CDS.1484,25.0
MEint283.genome.CDS.1496,426.0
MEint283.genome.CDS.1503,20.0
MEint283.genome.CDS.1517,20.0
MEint283.genome.CDS.1522,44.0
MEint283.genome.CDS.1537,13.0
MEint283.genome.CDS.1538,12.0
MEint283.genome.CDS.377,10.0
MEint283.genome.CDS.756,53.0
MEint283.genome.CDS.762,3015.0
MEint283.genome.CDS.793,10.0
MEint283.genome.CDS.798,23.0
MEint283.genome.CDS.839,15.0
MEint283.genome.CDS.846,10.0
MEint283.genome.CDS.849,22.0
MEint283.genome.CDS.870,11.0
MEint283.genome.CDS.885,18.0
MEint283.genome.CDS.890,11.0
MEint283.genome.CDS.893,51.0
MEint283.genome.CDS.897,17.0
MEint283.genome.CDS.898,10.0
MEint283.genome.CDS.903,17.0
MEint283.genome.CDS.916,11.0
MEint283.genome.CDS.929,10.0
MEint283.genome.CDS.948,10.0
MEint283.genome.CDS.968,485.0
MEint283.genome.CDS.984,18.0
MEint283.genome.CDS.989,416.0
MEint283.genome.CDS.990,307.0
MEint283.genome.CDS.999,165.0
MEint3864.genome.CDS.1004,22.0
MEint3864.genome.CDS.1016,11.0
MEint3864.genome.CDS.1020,83.0
MEint3864.genome.CDS.1021,31.0
MEint3864.genome.CDS.1031,27.0
MEint3864.genome.CDS.1049,13.0
MEint3864.genome.CDS.1065,11.0
MEint3864.genome.CDS.1067,123.0
MEint3864.genome.CDS.1082,88.0
MEint3864.genome.CDS.1087,10.0
MEint3864.genome.CDS.1088,17.0
MEint3864.genome.CDS.1089,13.0
MEint3864.genome.CDS.1109,62.0
MEint3864.genome.CDS.1115,10.0
MEint3864.genome.CDS.1123,10.0
MEint3864.genome.CDS.1154,44.0
MEint3864.genome.CDS.1155,16.0
MEint3864.genome.CDS.1158,12.0
MEint3864.genome.CDS.1159,15.0
MEint3864.genome.CDS.1160,57.0
MEint3864.genome.CDS.1161,374.0
MEint3864.genome.CDS.1166,78.0
MEint3864.genome.CDS.1184,13.0
MEint3864.genome.CDS.1192,19.0
MEint3864.genome.CDS.1196,15.0
MEint3864.genome.CDS.1215,115.0
MEint3864.genome.CDS.1219,10.0
MEint3864.genome.CDS.1221,15.0
MEint3864.genome.CDS.1222,14.0
MEint3864.genome.CDS.1226,12.0
MEint3864.genome.CDS.1227,21.0
MEint3864.genome.CDS.1229,35.0
MEint3864.genome.CDS.1248,45.0
MEint3864.genome.CDS.1250,33.0
MEint3864.genome.CDS.1253,16.0
MEint3864.genome.CDS.1261,10.0
MEint3864.genome.CDS.1262,12.0
MEint3864.genome.CDS.1263,70.0
MEint3864.genome.CDS.1264,14.0
MEint3864.genome.CDS.1265,21.0
MEint3864.genome.CDS.1276,38.0
MEint3864.genome.CDS.1282,670.0
MEint3864.genome.CDS.1294,249.0
MEint3864.genome.CDS.1307,10.0
MEint3864.genome.CDS.1355,15.0
MEint3864.genome.CDS.1361,38.0
MEint3864.genome.CDS.1362,10.0
MEint3864.genome.CDS.1369,11.0
MEint3864.genome.CDS.1400,36.0
MEint3864.genome.CDS.1404,122.0
MEint3864.genome.CDS.1410,40.0
MEint3864.genome.CDS.1411,271.0
MEint3864.genome.CDS.1412,26.0
MEint3864.genome.CDS.1413,55.0
MEint3864.genome.CDS.1422,234.0
MEint3864.genome.CDS.1423,11.0
MEint3864.genome.CDS.1424,20.0
MEint3864.genome.CDS.1427,18.0
MEint3864.genome.CDS.1428,12.0
MEint3864.genome.CDS.1446,35.0
MEint3864.genome.CDS.1447,456.0
MEint3864.genome.CDS.1451,86.0
MEint3864.genome.CDS.1470,47.0
MEint3864.genome.CDS.1492,10.0
MEint3864.genome.CDS.1566,12.0
MEint3864.genome.CDS.1575,19.0
MEint3864.genome.CDS.1576,38.0
MEint3864.genome.CDS.1577,21.0
MEint3864.genome.CDS.1578,27.0
MEint3864.genome.CDS.1583,12.0
MEint3864.genome.CDS.1584,32.0
MEint3864.genome.CDS.1588,15.0
MEint3864.genome.CDS.1589,21.0
MEint3864.genome.CDS.28,17.0
MEint3864.genome.CDS.781,21.0
MEint3864.genome.CDS.797,13.0
MEint3864.genome.CDS.801,10.0
MEint3864.genome.CDS.814,32.0
MEint3864.genome.CDS.845,17.0
MEint3864.genome.CDS.846,10.0
MEint3864.genome.CDS.847,22.0
MEint3864.genome.CDS.852,15.0
MEint3864.genome.CDS.854,13.0
MEint3864.genome.CDS.858,10.0
MEint3864.genome.CDS.861,23.0
MEint3864.genome.CDS.865,10.0
MEint3864.genome.CDS.870,17.0
MEint3864.genome.CDS.895,17.0
MEint3864.genome.CDS.900,59.0
MEint3864.genome.CDS.919,104.0
MEint3864.genome.CDS.929,10.0
MEint3864.genome.CDS.952,11.0
MEint3864.genome.CDS.964,10.0
MEint3864.genome.CDS.965,354.0
MEint3864.genome.CDS.979,11.0
MEint3864.genome.CDS.981,21.0
MEint3864.genome.CDS.983,10.0
MEint3864.genome.CDS.984,23.0
MEint3864.genome.CDS.994,23.0
MEint3864.genome.CDS.996,54.0
MEint3864.genome.CDS.997,15.0
MEint3864.genome.CDS.999,44.0
MEint4252.genome.CDS.1125,11.0
MEint4252.genome.CDS.1135,15.0
MEint4252.genome.CDS.1136,13.0
MEint4252.genome.CDS.1142,17.0
MEint4252.genome.CDS.1161,26.0
MEint4252.genome.CDS.1165,13.0
MEint4252.genome.CDS.1193,13.0
MEint4252.genome.CDS.1202,15.0
MEint4252.genome.CDS.1225,764.0
MEint4252.genome.CDS.1227,14.0
MEint4252.genome.CDS.1231,30.0
MEint4252.genome.CDS.1232,12.0
MEint4252.genome.CDS.1234,12.0
MEint4252.genome.CDS.1235,11.0
MEint4252.genome.CDS.1243,20.0
MEint4252.genome.CDS.1244,14.0
MEint4252.genome.CDS.1250,31.0
MEint4252.genome.CDS.1281,20.0
MEint4252.genome.CDS.1304,38.0
MEint4252.genome.CDS.1312,497.0
MEint4252.genome.CDS.1315,16.0
MEint4252.genome.CDS.1316,24.0
MEint4252.genome.CDS.1322,15.0
MEint4252.genome.CDS.1334,10.0
MEint4252.genome.CDS.1336,10.0
MEint4252.genome.CDS.1337,24.0
MEint4252.genome.CDS.1344,11.0
MEint4252.genome.CDS.1345,10.0
MEint4252.genome.CDS.1348,11.0
MEint4252.genome.CDS.1362,299.0
MEint4252.genome.CDS.1363,12.0
MEint4252.genome.CDS.1367,10.0
MEint4252.genome.CDS.1370,168.0
MEint4252.genome.CDS.1413,15.0
MEint4252.genome.CDS.1415,10.0
MEint4252.genome.CDS.1453,396.0
MEint4252.genome.CDS.1455,27.0
MEint4252.genome.CDS.1481,16.0
MEint4252.genome.CDS.1489,16.0
MEint4252.genome.CDS.1493,14.0
MEint4252.genome.CDS.1526,15.0
MEint4252.genome.CDS.1535,148.0
MEint4252.genome.CDS.1596,35.0
MEint4252.genome.CDS.1598,11.0
MEint4252.genome.CDS.1638,28.0
MEint4252.genome.CDS.1643,216.0
MEint4252.genome.CDS.1644,118.0
MEint4252.genome.CDS.1676,12.0
MEint4252.genome.CDS.1682,20.0
MEint4252.genome.CDS.1703,101.0
MEint4252.genome.CDS.1704,17.0
MEint4252.genome.CDS.1705,12.0
MEint4252.genome.CDS.1719,35.0
MEint4252.genome.CDS.1735,72.0
MEint4252.genome.CDS.1749,18.0
MEint4252.genome.CDS.1756,26.0
MEint4252.genome.CDS.1762,74.0
MEint4252.genome.CDS.1815,19.0
MEint4252.genome.CDS.1829,16.0
MEint4252.genome.CDS.1833,29.0
MEint4252.genome.CDS.1843,15.0
MEint4252.genome.CDS.1855,12.0
MEint4252.genome.CDS.1856,11.0
MEint4252.genome.CDS.1857,13.0
MEint4252.genome.CDS.1858,212.0
MEint4252.genome.CDS.1859,27.0
MEint4252.genome.CDS.1860,25.0
MEint4252.genome.CDS.1862,16.0
MEint4252.genome.CDS.1863,16.0
MEint4252.genome.CDS.1866,10.0
MEint4252.genome.CDS.1890,11.0
MEint4252.genome.CDS.1919,40.0
MEint4252.genome.CDS.1930,10.0
MEint4252.genome.CDS.1931,11.0
MEint4252.genome.CDS.1947,16.0
MEint4252.genome.CDS.1954,158.0
MEint4252.genome.CDS.1978,10.0
MEint4252.genome.CDS.1979,10.0
MEint4252.genome.CDS.1980,11.0
MEint4252.genome.CDS.1987,13.0
MEint4252.genome.CDS.1989,43.0
MEint4252.genome.CDS.1997,35.0
MEint4252.genome.CDS.2002,27.0
MEint4252.genome.CDS.2007,11.0
MEint4252.genome.CDS.2011,12.0
MEint4252.genome.CDS.2012,1227.0
MEint4252.genome.CDS.2013,14.0
MEint4252.genome.CDS.2014,30.0
MEint4252.genome.CDS.2015,21.0
MEint4252.genome.CDS.2016,55.0
MEint4252.genome.CDS.2017,19.0
MEint4252.genome.CDS.2018,12.0
MEint4252.genome.CDS.2020,12.0
MEint4252.genome.CDS.2029,10.0
MEint4252.genome.CDS.2039,22.0
MEint4252.genome.CDS.2041,28.0
MEint4252.genome.CDS.2043,14.0
MEint4252.genome.CDS.2047,15.0
MEint4252.genome.CDS.2065,10.0
MEint4252.genome.CDS.2087,14.0
MEint4252.genome.CDS.2090,11.0
MEint4252.genome.CDS.2098,11.0
MEint4252.genome.CDS.2100,18.0
MEint4252.genome.CDS.2111,29.0
MEint4252.genome.CDS.2199,12.0
MEint4252.genome.CDS.2226,10.0
MEint4252.genome.CDS.2247,256.0
MEint4252.genome.CDS.2249,11.0
MEint4252.genome.CDS.880,180.0
MEint4252.genome.CDS.920,11.0
MEint885.genome.CDS.1000,50.0
MEint885.genome.CDS.1001,114.0
MEint885.genome.CDS.1003,20.0
MEint885.genome.CDS.1004,175.0
MEint885.genome.CDS.1005,124.0
MEint885.genome.CDS.1006,387.0
MEint885.genome.CDS.1007,15.0
MEint885.genome.CDS.1008,82.0
MEint885.genome.CDS.1009,12.0
MEint885.genome.CDS.1010,54.0
MEint885.genome.CDS.1011,253.0
MEint885.genome.CDS.1014,32.0
MEint885.genome.CDS.1015,14.0
MEint885.genome.CDS.1017,33.0
MEint885.genome.CDS.1018,23.0
MEint885.genome.CDS.1019,38.0
MEint885.genome.CDS.1020,23.0
MEint885.genome.CDS.1021,24.0
MEint885.genome.CDS.1022,31.0
MEint885.genome.CDS.1023,29.0
MEint885.genome.CDS.1024,59.0
MEint885.genome.CDS.1025,118.0
MEint885.genome.CDS.1026,41.0
MEint885.genome.CDS.1028,16.0
MEint885.genome.CDS.1031,132.0
MEint885.genome.CDS.1032,46.0
MEint885.genome.CDS.1033,40.0
MEint885.genome.CDS.1034,62.0
MEint885.genome.CDS.1035,23.0
MEint885.genome.CDS.1036,181.0
MEint885.genome.CDS.1037,194.0
MEint885.genome.CDS.1038,119.0
MEint885.genome.CDS.1039,67.0
MEint885.genome.CDS.1040,29.0
MEint885.genome.CDS.1041,62.0
MEint885.genome.CDS.1042,144.0
MEint885.genome.CDS.1043,192.0
MEint885.genome.CDS.1044,21.0
MEint885.genome.CDS.1045,10.0
MEint885.genome.CDS.1046,22.0
MEint885.genome.CDS.1047,75.0
MEint885.genome.CDS.1048,47.0
MEint885.genome.CDS.1049,290.0
MEint885.genome.CDS.1050,27.0
MEint885.genome.CDS.1051,47.0
MEint885.genome.CDS.1052,94.0
MEint885.genome.CDS.1053,31.0
MEint885.genome.CDS.1054,36.0
MEint885.genome.CDS.1055,31.0
MEint885.genome.CDS.1056,62.0
MEint885.genome.CDS.1057,416.0
MEint885.genome.CDS.1058,122.0
MEint885.genome.CDS.1059,33.0
MEint885.genome.CDS.1060,26.0
MEint885.genome.CDS.1061,31.0
MEint885.genome.CDS.1062,719.0
MEint885.genome.CDS.1063,36.0
MEint885.genome.CDS.1065,142.0
MEint885.genome.CDS.1066,52.0
MEint885.genome.CDS.1067,50.0
MEint885.genome.CDS.1070,33.0
MEint885.genome.CDS.1071,89.0
MEint885.genome.CDS.1073,18.0
MEint885.genome.CDS.1074,33.0
MEint885.genome.CDS.1075,49.0
MEint885.genome.CDS.1076,59.0
MEint885.genome.CDS.1077,30.0
MEint885.genome.CDS.1078,61.0
MEint885.genome.CDS.1079,47.0
MEint885.genome.CDS.1080,44.0
MEint885.genome.CDS.1081,12.0
MEint885.genome.CDS.1082,294.0
MEint885.genome.CDS.1083,21.0
MEint885.genome.CDS.1084,19.0
MEint885.genome.CDS.1085,276.0
MEint885.genome.CDS.1086,67.0
MEint885.genome.CDS.1087,14.0
MEint885.genome.CDS.1088,112.0
MEint885.genome.CDS.1090,26.0
MEint885.genome.CDS.1091,117.0
MEint885.genome.CDS.1092,59.0
MEint885.genome.CDS.1093,140.0
MEint885.genome.CDS.1094,23.0
MEint885.genome.CDS.1095,357.0
MEint885.genome.CDS.1096,83.0
MEint885.genome.CDS.1097,21.0
MEint885.genome.CDS.1098,42.0
MEint885.genome.CDS.1099,148.0
MEint885.genome.CDS.1100,144.0
MEint885.genome.CDS.1102,21.0
MEint885.genome.CDS.1103,26.0
MEint885.genome.CDS.1104,33.0
MEint885.genome.CDS.1105,25.0
MEint885.genome.CDS.1107,68.0
MEint885.genome.CDS.1108,70.0
MEint885.genome.CDS.1109,25.0
MEint885.genome.CDS.1110,23.0
MEint885.genome.CDS.1111,53.0
MEint885.genome.CDS.1112,33.0
MEint885.genome.CDS.1114,23.0
MEint885.genome.CDS.1115,58.0
MEint885.genome.CDS.1116,14.0
MEint885.genome.CDS.1117,23.0
MEint885.genome.CDS.1118,256.0
MEint885.genome.CDS.1119,149.0
MEint885.genome.CDS.1120,179.0
MEint885.genome.CDS.1121,153.0
MEint885.genome.CDS.1122,50.0
MEint885.genome.CDS.1123,61.0
MEint885.genome.CDS.1124,29.0
MEint885.genome.CDS.1125,49.0
MEint885.genome.CDS.1126,104.0
MEint885.genome.CDS.1127,104.0
MEint885.genome.CDS.1130,12.0
MEint885.genome.CDS.1131,232.0
MEint885.genome.CDS.1132,36.0
MEint885.genome.CDS.1133,64.0
MEint885.genome.CDS.1134,55.0
MEint885.genome.CDS.1136,11.0
MEint885.genome.CDS.1137,12.0
MEint885.genome.CDS.1138,51.0
MEint885.genome.CDS.1139,23.0
MEint885.genome.CDS.1140,66.0
MEint885.genome.CDS.1141,173.0
MEint885.genome.CDS.1142,366.0
MEint885.genome.CDS.1143,22.0
MEint885.genome.CDS.1144,30.0
MEint885.genome.CDS.1145,41.0
MEint885.genome.CDS.1147,16.0
MEint885.genome.CDS.1149,10.0
MEint885.genome.CDS.1150,32.0
MEint885.genome.CDS.1151,154.0
MEint885.genome.CDS.1154,11.0
MEint885.genome.CDS.1155,102.0
MEint885.genome.CDS.1156,26.0
MEint885.genome.CDS.1157,31.0
MEint885.genome.CDS.1158,15.0
MEint885.genome.CDS.1160,10.0
MEint885.genome.CDS.1161,27.0
MEint885.genome.CDS.1162,54.0
MEint885.genome.CDS.1163,152.0
MEint885.genome.CDS.1164,48.0
MEint885.genome.CDS.1165,717.0
MEint885.genome.CDS.1167,19.0
MEint885.genome.CDS.1168,13.0
MEint885.genome.CDS.1169,22.0
MEint885.genome.CDS.1170,143.0
MEint885.genome.CDS.1171,17.0
MEint885.genome.CDS.1172,40.0
MEint885.genome.CDS.1174,18.0
MEint885.genome.CDS.1175,27.0
MEint885.genome.CDS.1176,68.0
MEint885.genome.CDS.1177,130.0
MEint885.genome.CDS.1178,30.0
MEint885.genome.CDS.1179,39.0
MEint885.genome.CDS.1180,14.0
MEint885.genome.CDS.1181,21.0
MEint885.genome.CDS.1182,308.0
MEint885.genome.CDS.1183,26.0
MEint885.genome.CDS.1184,827.0
MEint885.genome.CDS.1185,74.0
MEint885.genome.CDS.1186,74.0
MEint885.genome.CDS.1187,531.0
MEint885.genome.CDS.1188,95.0
MEint885.genome.CDS.1189,48.0
MEint885.genome.CDS.1190,29.0
MEint885.genome.CDS.1191,79.0
MEint885.genome.CDS.1192,13.0
MEint885.genome.CDS.1193,48.0
MEint885.genome.CDS.1194,16.0
MEint885.genome.CDS.1195,30.0
MEint885.genome.CDS.1196,71.0
MEint885.genome.CDS.1197,83.0
MEint885.genome.CDS.1198,34.0
MEint885.genome.CDS.1199,150.0
MEint885.genome.CDS.1200,91.0
MEint885.genome.CDS.1202,12.0
MEint885.genome.CDS.1204,536.0
MEint885.genome.CDS.1205,25.0
MEint885.genome.CDS.1206,159.0
MEint885.genome.CDS.1207,75.0
MEint885.genome.CDS.1208,33.0
MEint885.genome.CDS.1209,18.0
MEint885.genome.CDS.1212,107.0
MEint885.genome.CDS.1213,76.0
MEint885.genome.CDS.1215,331.0
MEint885.genome.CDS.1216,64.0
MEint885.genome.CDS.1217,29.0
MEint885.genome.CDS.1218,58.0
MEint885.genome.CDS.1219,29.0
MEint885.genome.CDS.1220,48.0
MEint885.genome.CDS.1221,41.0
MEint885.genome.CDS.1222,15.0
MEint885.genome.CDS.1224,233.0
MEint885.genome.CDS.1225,63.0
MEint885.genome.CDS.1226,16.0
MEint885.genome.CDS.1227,88.0
MEint885.genome.CDS.1228,958.0
MEint885.genome.CDS.1229,108.0
MEint885.genome.CDS.1230,54.0
MEint885.genome.CDS.1231,17.0
MEint885.genome.CDS.1233,33.0
MEint885.genome.CDS.1234,144.0
MEint885.genome.CDS.1235,53.0
MEint885.genome.CDS.1236,63.0
MEint885.genome.CDS.1237,27.0
MEint885.genome.CDS.1238,11.0
MEint885.genome.CDS.1240,111.0
MEint885.genome.CDS.1241,102.0
MEint885.genome.CDS.1242,411.0
MEint885.genome.CDS.1243,20.0
MEint885.genome.CDS.1244,16.0
MEint885.genome.CDS.1245,25.0
MEint885.genome.CDS.1246,44.0
MEint885.genome.CDS.1247,2250.0
MEint885.genome.CDS.1248,53.0
MEint885.genome.CDS.1249,16.0
MEint885.genome.CDS.1250,10.0
MEint885.genome.CDS.1252,87.0
MEint885.genome.CDS.1253,46.0
MEint885.genome.CDS.1254,13.0
MEint885.genome.CDS.1255,37.0
MEint885.genome.CDS.1256,90.0
MEint885.genome.CDS.1257,60.0
MEint885.genome.CDS.1258,32.0
MEint885.genome.CDS.1259,54.0
MEint885.genome.CDS.1260,104.0
MEint885.genome.CDS.1261,57.0
MEint885.genome.CDS.1262,49.0
MEint885.genome.CDS.1263,32.0
MEint885.genome.CDS.1264,48.0
MEint885.genome.CDS.1265,32.0
MEint885.genome.CDS.1266,76.0
MEint885.genome.CDS.1267,42.0
MEint885.genome.CDS.1269,41.0
MEint885.genome.CDS.1270,76.0
MEint885.genome.CDS.1271,73.0
MEint885.genome.CDS.1272,150.0
MEint885.genome.CDS.1273,181.0
MEint885.genome.CDS.1274,156.0
MEint885.genome.CDS.1275,44.0
MEint885.genome.CDS.1276,71.0
MEint885.genome.CDS.1277,55.0
MEint885.genome.CDS.1278,64.0
MEint885.genome.CDS.1279,70.0
MEint885.genome.CDS.1280,111.0
MEint885.genome.CDS.1281,273.0
MEint885.genome.CDS.1282,79.0
MEint885.genome.CDS.1283,180.0
MEint885.genome.CDS.1284,149.0
MEint885.genome.CDS.1285,42.0
MEint885.genome.CDS.1286,291.0
MEint885.genome.CDS.1287,89.0
MEint885.genome.CDS.1288,233.0
MEint885.genome.CDS.1289,141.0
MEint885.genome.CDS.1290,117.0
MEint885.genome.CDS.1291,104.0
MEint885.genome.CDS.1292,54.0
MEint885.genome.CDS.1294,13.0
MEint885.genome.CDS.1296,115.0
MEint885.genome.CDS.1299,12.0
MEint885.genome.CDS.1300,139.0
MEint885.genome.CDS.1301,95.0
MEint885.genome.CDS.1302,2693.0
MEint885.genome.CDS.1303,38.0
MEint885.genome.CDS.1304,42.0
MEint885.genome.CDS.1307,44.0
MEint885.genome.CDS.1308,33041.0
MEint885.genome.CDS.1309,1091.0
MEint885.genome.CDS.1310,544.0
MEint885.genome.CDS.1311,41.0
MEint885.genome.CDS.1312,18267.0
MEint885.genome.CDS.1313,624.0
MEint885.genome.CDS.1314,469.0
MEint885.genome.CDS.1317,19.0
MEint885.genome.CDS.1318,17.0
MEint885.genome.CDS.1319,12.0
MEint885.genome.CDS.1320,26.0
MEint885.genome.CDS.1321,227.0
MEint885.genome.CDS.1322,79.0
MEint885.genome.CDS.1323,18.0
MEint885.genome.CDS.1325,32.0
MEint885.genome.CDS.1327,28.0
MEint885.genome.CDS.1328,82.0
MEint885.genome.CDS.1329,27.0
MEint885.genome.CDS.1330,67.0
MEint885.genome.CDS.1331,6013.0
MEint885.genome.CDS.1332,30.0
MEint885.genome.CDS.1333,53.0
MEint885.genome.CDS.1334,21.0
MEint885.genome.CDS.1335,24.0
MEint885.genome.CDS.1336,31.0
MEint885.genome.CDS.1337,55.0
MEint885.genome.CDS.1338,63.0
MEint885.genome.CDS.1342,69.0
MEint885.genome.CDS.1345,18.0
MEint885.genome.CDS.1347,84.0
MEint885.genome.CDS.1349,42.0
MEint885.genome.CDS.1350,85.0
MEint885.genome.CDS.1351,38.0
MEint885.genome.CDS.1352,17.0
MEint885.genome.CDS.1353,56.0
MEint885.genome.CDS.1354,37.0
MEint885.genome.CDS.1355,64.0
MEint885.genome.CDS.1356,4374.0
MEint885.genome.CDS.1357,31.0
MEint885.genome.CDS.1358,127.0
MEint885.genome.CDS.1359,50.0
MEint885.genome.CDS.1360,65.0
MEint885.genome.CDS.1361,50.0
MEint885.genome.CDS.1362,151.0
MEint885.genome.CDS.1363,13.0
MEint885.genome.CDS.1364,49.0
MEint885.genome.CDS.1368,39.0
MEint885.genome.CDS.1369,117.0
MEint885.genome.CDS.1370,95.0
MEint885.genome.CDS.1371,228.0
MEint885.genome.CDS.1372,874.0
MEint885.genome.CDS.1373,72.0
MEint885.genome.CDS.1374,16.0
MEint885.genome.CDS.1375,25.0
MEint885.genome.CDS.1376,31.0
MEint885.genome.CDS.1377,33.0
MEint885.genome.CDS.1378,283.0
MEint885.genome.CDS.1379,26.0
MEint885.genome.CDS.1380,22.0
MEint885.genome.CDS.1381,43.0
MEint885.genome.CDS.1382,35.0
MEint885.genome.CDS.1383,10.0
MEint885.genome.CDS.1384,48.0
MEint885.genome.CDS.1385,35.0
MEint885.genome.CDS.1386,120.0
MEint885.genome.CDS.1387,50.0
MEint885.genome.CDS.1388,164.0
MEint885.genome.CDS.1390,16.0
MEint885.genome.CDS.1391,1033.0
MEint885.genome.CDS.1392,100.0
MEint885.genome.CDS.1393,23.0
MEint885.genome.CDS.1394,207.0
MEint885.genome.CDS.1395,194.0
MEint885.genome.CDS.1396,111.0
MEint885.genome.CDS.1397,242.0
MEint885.genome.CDS.1398,58.0
MEint885.genome.CDS.1399,46.0
MEint885.genome.CDS.1400,24.0
MEint885.genome.CDS.1401,27.0
MEint885.genome.CDS.1402,16.0
MEint885.genome.CDS.1405,12.0
MEint885.genome.CDS.1406,15.0
MEint885.genome.CDS.1407,30.0
MEint885.genome.CDS.1408,24.0
MEint885.genome.CDS.1409,41.0
MEint885.genome.CDS.1410,37.0
MEint885.genome.CDS.1411,25.0
MEint885.genome.CDS.1413,27.0
MEint885.genome.CDS.1414,22.0
MEint885.genome.CDS.1415,33.0
MEint885.genome.CDS.1416,111.0
MEint885.genome.CDS.1417,13.0
MEint885.genome.CDS.1418,210.0
MEint885.genome.CDS.1419,810.0
MEint885.genome.CDS.1420,45.0
MEint885.genome.CDS.1421,30.0
MEint885.genome.CDS.1422,52.0
MEint885.genome.CDS.1423,29.0
MEint885.genome.CDS.1424,10.0
MEint885.genome.CDS.1425,39.0
MEint885.genome.CDS.1426,2961.0
MEint885.genome.CDS.1427,81.0
MEint885.genome.CDS.1428,37.0
MEint885.genome.CDS.1429,64.0
MEint885.genome.CDS.1430,28.0
MEint885.genome.CDS.1433,57.0
MEint885.genome.CDS.1434,87.0
MEint885.genome.CDS.1435,28.0
MEint885.genome.CDS.1436,33.0
MEint885.genome.CDS.1437,21.0
MEint885.genome.CDS.1438,12.0
MEint885.genome.CDS.1439,54.0
MEint885.genome.CDS.1441,33.0
MEint885.genome.CDS.1442,23.0
MEint885.genome.CDS.1443,45.0
MEint885.genome.CDS.1444,55.0
MEint885.genome.CDS.1445,59.0
MEint885.genome.CDS.1446,26.0
MEint885.genome.CDS.1447,12.0
MEint885.genome.CDS.1448,108.0
MEint885.genome.CDS.1449,144.0
MEint885.genome.CDS.1450,49.0
MEint885.genome.CDS.1453,63.0
MEint885.genome.CDS.1455,85.0
MEint885.genome.CDS.1456,160.0
MEint885.genome.CDS.1457,18.0
MEint885.genome.CDS.1458,150.0
MEint885.genome.CDS.1459,263.0
MEint885.genome.CDS.1460,132.0
MEint885.genome.CDS.1461,342.0
MEint885.genome.CDS.1462,2341.0
MEint885.genome.CDS.1463,20.0
MEint885.genome.CDS.1466,13.0
MEint885.genome.CDS.1467,350.0
MEint885.genome.CDS.1468,51.0
MEint885.genome.CDS.1469,13.0
MEint885.genome.CDS.1470,58.0
MEint885.genome.CDS.1472,55.0
MEint885.genome.CDS.1473,22.0
MEint885.genome.CDS.1474,19.0
MEint885.genome.CDS.1475,37.0
MEint885.genome.CDS.1476,32.0
MEint885.genome.CDS.1477,16.0
MEint885.genome.CDS.1478,10.0
MEint885.genome.CDS.1479,40.0
MEint885.genome.CDS.1480,13.0
MEint885.genome.CDS.1481,11.0
MEint885.genome.CDS.1482,67.0
MEint885.genome.CDS.1483,146.0
MEint885.genome.CDS.1484,29.0
MEint885.genome.CDS.1485,67.0
MEint885.genome.CDS.1486,27.0
MEint885.genome.CDS.1487,61.0
MEint885.genome.CDS.1488,60.0
MEint885.genome.CDS.1489,163.0
MEint885.genome.CDS.1490,11.0
MEint885.genome.CDS.1491,38.0
MEint885.genome.CDS.1492,93.0
MEint885.genome.CDS.1493,36.0
MEint885.genome.CDS.1495,33.0
MEint885.genome.CDS.1497,18.0
MEint885.genome.CDS.1498,72.0
MEint885.genome.CDS.1499,192.0
MEint885.genome.CDS.1500,32.0
MEint885.genome.CDS.1502,27.0
MEint885.genome.CDS.1503,18.0
MEint885.genome.CDS.1506,37.0
MEint885.genome.CDS.1508,136.0
MEint885.genome.CDS.1509,216.0
MEint885.genome.CDS.1510,907.0
MEint885.genome.CDS.1511,213.0
MEint885.genome.CDS.1512,79.0
MEint885.genome.CDS.1515,115.0
MEint885.genome.CDS.1516,357.0
MEint885.genome.CDS.1517,4125.0
MEint885.genome.CDS.1519,19.0
MEint885.genome.CDS.1520,17.0
MEint885.genome.CDS.1521,143.0
MEint885.genome.CDS.1522,86.0
MEint885.genome.CDS.1523,110.0
MEint885.genome.CDS.1524,15.0
MEint885.genome.CDS.1525,76.0
MEint885.genome.CDS.1526,18.0
MEint885.genome.CDS.1527,37.0
MEint885.genome.CDS.1528,41.0
MEint885.genome.CDS.1530,38.0
MEint885.genome.CDS.1532,21.0
MEint885.genome.CDS.1533,31.0
MEint885.genome.CDS.1535,238.0
MEint885.genome.CDS.1536,60.0
MEint885.genome.CDS.1537,241.0
MEint885.genome.CDS.1538,76.0
MEint885.genome.CDS.1539,18.0
MEint885.genome.CDS.1540,250.0
MEint885.genome.CDS.1541,60.0
MEint885.genome.CDS.1542,31.0
MEint885.genome.CDS.1543,52.0
MEint885.genome.CDS.1544,103.0
MEint885.genome.CDS.1545,206.0
MEint885.genome.CDS.1546,253.0
MEint885.genome.CDS.1547,53.0
MEint885.genome.CDS.1548,24.0
MEint885.genome.CDS.1549,320.0
MEint885.genome.CDS.1550,48.0
MEint885.genome.CDS.1551,17.0
MEint885.genome.CDS.1553,46.0
MEint885.genome.CDS.1554,105.0
MEint885.genome.CDS.1555,22.0
MEint885.genome.CDS.1556,22.0
MEint885.genome.CDS.1557,19.0
MEint885.genome.CDS.1558,15.0
MEint885.genome.CDS.1559,12.0
MEint885.genome.CDS.1560,99.0
MEint885.genome.CDS.1561,100.0
MEint885.genome.CDS.1562,147.0
MEint885.genome.CDS.1563,48.0
MEint885.genome.CDS.1564,44.0
MEint885.genome.CDS.1565,19.0
MEint885.genome.CDS.1566,29.0
MEint885.genome.CDS.1567,28.0
MEint885.genome.CDS.1568,32.0
MEint885.genome.CDS.1569,58.0
MEint885.genome.CDS.1570,43.0
MEint885.genome.CDS.1572,30.0
MEint885.genome.CDS.1573,11.0
MEint885.genome.CDS.1574,1177.0
MEint885.genome.CDS.1575,44.0
MEint885.genome.CDS.1576,24.0
MEint885.genome.CDS.1577,40.0
MEint885.genome.CDS.1578,31.0
MEint885.genome.CDS.1579,93.0
MEint885.genome.CDS.1580,100.0
MEint885.genome.CDS.1581,62.0
MEint885.genome.CDS.1582,32.0
MEint885.genome.CDS.1583,485.0
MEint885.genome.CDS.1584,1138.0
MEint885.genome.CDS.1585,68.0
MEint885.genome.CDS.1586,11.0
MEint885.genome.CDS.1587,12.0
MEint885.genome.CDS.1589,40.0
MEint885.genome.CDS.1590,70.0
MEint885.genome.CDS.1594,24.0
MEint885.genome.CDS.1595,72.0
MEint885.genome.CDS.1596,48.0
MEint885.genome.CDS.1597,26.0
MEint885.genome.CDS.1598,23.0
MEint885.genome.CDS.1600,31.0
MEint885.genome.CDS.1601,81.0
MEint885.genome.CDS.1602,80.0
MEint885.genome.CDS.1603,109.0
MEint885.genome.CDS.1604,106.0
MEint885.genome.CDS.1605,10.0
MEint885.genome.CDS.1606,22.0
MEint885.genome.CDS.1607,103.0
MEint885.genome.CDS.1608,17.0
MEint885.genome.CDS.1609,52.0
MEint885.genome.CDS.1610,11.0
MEint885.genome.CDS.1611,18.0
MEint885.genome.CDS.1612,16.0
MEint885.genome.CDS.1613,282.0
MEint885.genome.CDS.1614,13.0
MEint885.genome.CDS.1615,42.0
MEint885.genome.CDS.1616,132.0
MEint885.genome.CDS.1617,81.0
MEint885.genome.CDS.1618,64.0
MEint885.genome.CDS.1619,110.0
MEint885.genome.CDS.1620,745.0
MEint885.genome.CDS.1621,78.0
MEint885.genome.CDS.1622,131.0
MEint885.genome.CDS.1623,70.0
MEint885.genome.CDS.1624,37.0
MEint885.genome.CDS.1625,211.0
MEint885.genome.CDS.1626,652.0
MEint885.genome.CDS.1628,11.0
MEint885.genome.CDS.1629,49.0
MEint885.genome.CDS.1630,231.0
MEint885.genome.CDS.1631,159.0
MEint885.genome.CDS.1632,13.0
MEint885.genome.CDS.1633,39.0
MEint885.genome.CDS.1634,154.0
MEint885.genome.CDS.1635,122.0
MEint885.genome.CDS.1636,40.0
MEint885.genome.CDS.1637,49.0
MEint885.genome.CDS.1638,24.0
MEint885.genome.CDS.1639,13.0
MEint885.genome.CDS.1641,162.0
MEint885.genome.CDS.1642,147.0
MEint885.genome.CDS.1643,49.0
MEint885.genome.CDS.1644,30.0
MEint885.genome.CDS.1645,91.0
MEint885.genome.CDS.1646,459.0
MEint885.genome.CDS.1647,81.0
MEint885.genome.CDS.1648,65.0
MEint885.genome.CDS.1650,288.0
MEint885.genome.CDS.1651,18.0
MEint885.genome.CDS.1652,121.0
MEint885.genome.CDS.1653,71.0
MEint885.genome.CDS.1654,281.0
MEint885.genome.CDS.1655,29.0
MEint885.genome.CDS.1656,115.0
MEint885.genome.CDS.1657,24.0
MEint885.genome.CDS.1659,18.0
MEint885.genome.CDS.1662,54.0
MEint885.genome.CDS.1663,34.0
MEint885.genome.CDS.1664,54.0
MEint885.genome.CDS.1665,20.0
MEint885.genome.CDS.1666,87.0
MEint885.genome.CDS.1667,45.0
MEint885.genome.CDS.1668,43.0
MEint885.genome.CDS.1669,11.0
MEint885.genome.CDS.1671,24.0
MEint885.genome.CDS.1672,25.0
MEint885.genome.CDS.1674,19.0
MEint885.genome.CDS.1675,328.0
MEint885.genome.CDS.1676,37.0
MEint885.genome.CDS.1677,54.0
MEint885.genome.CDS.1678,33.0
MEint885.genome.CDS.1679,24.0
MEint885.genome.CDS.1680,43.0
MEint885.genome.CDS.1681,111.0
MEint885.genome.CDS.1682,140.0
MEint885.genome.CDS.1683,447.0
MEint885.genome.CDS.1684,3629.0
MEint885.genome.CDS.1685,32.0
MEint885.genome.CDS.1688,36.0
MEint885.genome.CDS.1689,58.0
MEint885.genome.CDS.1690,55.0
MEint885.genome.CDS.1691,17.0
MEint885.genome.CDS.1693,59.0
MEint885.genome.CDS.1694,120.0
MEint885.genome.CDS.1695,30.0
MEint885.genome.CDS.1696,33.0
MEint885.genome.CDS.1697,110.0
MEint885.genome.CDS.1698,38.0
MEint885.genome.CDS.1699,162.0
MEint885.genome.CDS.1700,44.0
MEint885.genome.CDS.1702,55.0
MEint885.genome.CDS.1703,70.0
MEint885.genome.CDS.1704,12.0
MEint885.genome.CDS.1705,68.0
MEint885.genome.CDS.1706,1048.0
MEint885.genome.CDS.1708,2211.0
MEint885.genome.CDS.1709,11877.0
MEint885.genome.CDS.1710,217.0
MEint885.genome.CDS.1711,106.0
MEint885.genome.CDS.1712,86.0
MEint885.genome.CDS.1713,30.0
MEint885.genome.CDS.1714,146.0
MEint885.genome.CDS.1715,786.0
MEint885.genome.CDS.1716,54.0
MEint885.genome.CDS.1717,75.0
MEint885.genome.CDS.1718,48.0
MEint885.genome.CDS.1719,85.0
MEint885.genome.CDS.1720,421.0
MEint885.genome.CDS.1721,331.0
MEint885.genome.CDS.1722,263.0
MEint885.genome.CDS.1723,130.0
MEint885.genome.CDS.1724,41.0
MEint885.genome.CDS.1725,75.0
MEint885.genome.CDS.1726,131.0
MEint885.genome.CDS.1727,51.0
MEint885.genome.CDS.1728,34.0
MEint885.genome.CDS.1729,69.0
MEint885.genome.CDS.257,29.0
MEint885.genome.CDS.270,46.0
MEint885.genome.CDS.271,48.0
MEint885.genome.CDS.358,12.0
MEint885.genome.CDS.472,102.0
MEint885.genome.CDS.511,74.0
MEint885.genome.CDS.554,37.0
MEint885.genome.CDS.806,11.0
MEint885.genome.CDS.837,11.0
MEint885.genome.CDS.838,87.0
MEint885.genome.CDS.839,155.0
MEint885.genome.CDS.840,332.0
MEint885.genome.CDS.841,75.0
MEint885.genome.CDS.842,65.0
MEint885.genome.CDS.843,15.0
MEint885.genome.CDS.844,34.0
MEint885.genome.CDS.845,38.0
MEint885.genome.CDS.846,79.0
MEint885.genome.CDS.847,30.0
MEint885.genome.CDS.848,174.0
MEint885.genome.CDS.850,34.0
MEint885.genome.CDS.851,21.0
MEint885.genome.CDS.852,68.0
MEint885.genome.CDS.853,49.0
MEint885.genome.CDS.854,15.0
MEint885.genome.CDS.855,83.0
MEint885.genome.CDS.856,56.0
MEint885.genome.CDS.857,169.0
MEint885.genome.CDS.858,128.0
MEint885.genome.CDS.859,16.0
MEint885.genome.CDS.860,46.0
MEint885.genome.CDS.861,18.0
MEint885.genome.CDS.862,288.0
MEint885.genome.CDS.863,62.0
MEint885.genome.CDS.864,18.0
MEint885.genome.CDS.865,18.0
MEint885.genome.CDS.866,116.0
MEint885.genome.CDS.867,28.0
MEint885.genome.CDS.868,1504.0
MEint885.genome.CDS.869,249.0
MEint885.genome.CDS.870,61.0
MEint885.genome.CDS.871,101.0
MEint885.genome.CDS.872,367.0
MEint885.genome.CDS.873,109.0
MEint885.genome.CDS.874,110.0
MEint885.genome.CDS.875,76.0
MEint885.genome.CDS.876,73.0
MEint885.genome.CDS.877,80.0
MEint885.genome.CDS.878,182.0
MEint885.genome.CDS.879,34.0
MEint885.genome.CDS.880,28.0
MEint885.genome.CDS.883,20.0
MEint885.genome.CDS.884,202.0
MEint885.genome.CDS.885,49.0
MEint885.genome.CDS.887,12.0
MEint885.genome.CDS.888,105.0
MEint885.genome.CDS.889,75.0
MEint885.genome.CDS.890,34.0
MEint885.genome.CDS.891,59.0
MEint885.genome.CDS.893,11.0
MEint885.genome.CDS.894,20.0
MEint885.genome.CDS.895,12.0
MEint885.genome.CDS.896,80.0
MEint885.genome.CDS.897,22.0
MEint885.genome.CDS.898,83.0
MEint885.genome.CDS.899,35.0
MEint885.genome.CDS.900,194.0
MEint885.genome.CDS.901,54.0
MEint885.genome.CDS.902,61.0
MEint885.genome.CDS.903,284.0
MEint885.genome.CDS.904,61.0
MEint885.genome.CDS.906,29.0
MEint885.genome.CDS.907,106.0
MEint885.genome.CDS.908,361.0
MEint885.genome.CDS.909,126.0
MEint885.genome.CDS.910,121.0
MEint885.genome.CDS.911,60.0
MEint885.genome.CDS.912,102.0
MEint885.genome.CDS.913,61.0
MEint885.genome.CDS.914,35.0
MEint885.genome.CDS.915,269.0
MEint885.genome.CDS.916,77.0
MEint885.genome.CDS.917,126.0
MEint885.genome.CDS.918,367.0
MEint885.genome.CDS.919,13.0
MEint885.genome.CDS.920,36.0
MEint885.genome.CDS.921,754.0
MEint885.genome.CDS.922,30.0
MEint885.genome.CDS.924,33.0
MEint885.genome.CDS.925,29.0
MEint885.genome.CDS.928,62.0
MEint885.genome.CDS.929,41.0
MEint885.genome.CDS.930,89.0
MEint885.genome.CDS.931,27.0
MEint885.genome.CDS.932,55.0
MEint885.genome.CDS.933,41.0
MEint885.genome.CDS.934,46.0
MEint885.genome.CDS.937,34.0
MEint885.genome.CDS.938,35.0
MEint885.genome.CDS.939,1284.0
MEint885.genome.CDS.940,105.0
MEint885.genome.CDS.941,29.0
MEint885.genome.CDS.942,18.0
MEint885.genome.CDS.943,42.0
MEint885.genome.CDS.944,368.0
MEint885.genome.CDS.946,16.0
MEint885.genome.CDS.947,26.0
MEint885.genome.CDS.948,108.0
MEint885.genome.CDS.949,74.0
MEint885.genome.CDS.950,42.0
MEint885.genome.CDS.951,1433.0
MEint885.genome.CDS.952,49.0
MEint885.genome.CDS.953,257.0
MEint885.genome.CDS.954,52.0
MEint885.genome.CDS.956,79.0
MEint885.genome.CDS.959,53.0
MEint885.genome.CDS.960,71.0
MEint885.genome.CDS.961,1636.0
MEint885.genome.CDS.962,50.0
MEint885.genome.CDS.963,164.0
MEint885.genome.CDS.964,70.0
MEint885.genome.CDS.965,62.0
MEint885.genome.CDS.966,51.0
MEint885.genome.CDS.967,251.0
MEint885.genome.CDS.968,266.0
MEint885.genome.CDS.969,18662.0
MEint885.genome.CDS.970,93.0
MEint885.genome.CDS.971,83.0
MEint885.genome.CDS.972,80.0
MEint885.genome.CDS.973,62.0
MEint885.genome.CDS.974,42.0
MEint885.genome.CDS.975,572.0
MEint885.genome.CDS.976,157.0
MEint885.genome.CDS.977,54.0
MEint885.genome.CDS.978,15.0
MEint885.genome.CDS.979,28.0
MEint885.genome.CDS.980,136.0
MEint885.genome.CDS.981,42.0
MEint885.genome.CDS.982,10.0
MEint885.genome.CDS.983,18.0
MEint885.genome.CDS.984,161.0
MEint885.genome.CDS.985,151.0
MEint885.genome.CDS.986,372.0
MEint885.genome.CDS.987,580.0
MEint885.genome.CDS.988,1043.0
MEint885.genome.CDS.989,211.0
MEint885.genome.CDS.991,44.0
MEint885.genome.CDS.992,21.0
MEint885.genome.CDS.993,26.0
MEint885.genome.CDS.994,72.0
MEint885.genome.CDS.995,38.0
MEint885.genome.CDS.998,30.0
MEint885.genome.CDS.999,27.0
TBepi4208.genome.CDS.1095,79.0
TBhypo2152.genome.CDS.966,59.0
acIB-AMD-6.genome.CDS.1000,25.0
acIB-AMD-6.genome.CDS.1006,27.0
acIB-AMD-6.genome.CDS.1009,13.0
acIB-AMD-6.genome.CDS.1061,21.0
acIB-AMD-6.genome.CDS.170,12.0
acIB-AMD-6.genome.CDS.282,11.0
acIB-AMD-6.genome.CDS.699,30.0
acIB-AMD-6.genome.CDS.701,13.0
acIB-AMD-6.genome.CDS.702,26.0
acIB-AMD-6.genome.CDS.703,10.0
acIB-AMD-6.genome.CDS.704,43.0
acIB-AMD-6.genome.CDS.706,11.0
acIB-AMD-6.genome.CDS.709,25.0
acIB-AMD-6.genome.CDS.711,21.0
acIB-AMD-6.genome.CDS.713,21.0
acIB-AMD-6.genome.CDS.716,13.0
acIB-AMD-6.genome.CDS.720,19.0
acIB-AMD-6.genome.CDS.786,20.0
acIB-AMD-6.genome.CDS.788,12.0
acIB-AMD-6.genome.CDS.789,20.0
acIB-AMD-6.genome.CDS.790,11.0
acIB-AMD-6.genome.CDS.792,16.0
acIB-AMD-6.genome.CDS.794,51.0
acIB-AMD-6.genome.CDS.796,283.0
acIB-AMD-6.genome.CDS.797,31.0
acIB-AMD-6.genome.CDS.798,17.0
acIB-AMD-6.genome.CDS.799,58.0
acIB-AMD-6.genome.CDS.813,10.0
acIB-AMD-6.genome.CDS.814,14.0
acIB-AMD-6.genome.CDS.817,48.0
acIB-AMD-6.genome.CDS.824,26.0
acIB-AMD-6.genome.CDS.825,15.0
acIB-AMD-6.genome.CDS.826,10.0
acIB-AMD-6.genome.CDS.828,15.0
acIB-AMD-6.genome.CDS.833,17.0
acIB-AMD-6.genome.CDS.834,16.0
acIB-AMD-6.genome.CDS.837,10.0
acIB-AMD-6.genome.CDS.838,19.0
acIB-AMD-6.genome.CDS.839,27.0
acIB-AMD-6.genome.CDS.840,12.0
acIB-AMD-6.genome.CDS.855,16.0
acIB-AMD-6.genome.CDS.856,20.0
acIB-AMD-6.genome.CDS.858,14.0
acIB-AMD-6.genome.CDS.859,12.0
acIB-AMD-6.genome.CDS.862,27.0
acIB-AMD-6.genome.CDS.864,15.0
acIB-AMD-6.genome.CDS.865,14.0
acIB-AMD-6.genome.CDS.866,18.0
acIB-AMD-6.genome.CDS.903,17.0
acIB-AMD-6.genome.CDS.904,15.0
acIB-AMD-6.genome.CDS.905,47.0
acIB-AMD-6.genome.CDS.911,11.0
acIB-AMD-6.genome.CDS.912,17.0
acIB-AMD-6.genome.CDS.962,108.0
acIB-AMD-6.genome.CDS.969,155.0
acIB-AMD-6.genome.CDS.999,10.0
acIB-AMD-7.genome.CDS.1003,35.0
acIB-AMD-7.genome.CDS.1009,18.0
acIB-AMD-7.genome.CDS.1129,144.0
acIB-AMD-7.genome.CDS.1138,13.0
acIB-AMD-7.genome.CDS.1222,32.0
acIB-AMD-7.genome.CDS.1259,12.0
acIB-AMD-7.genome.CDS.1289,19.0
acIB-AMD-7.genome.CDS.1290,21.0
acIB-AMD-7.genome.CDS.1291,38.0
acIB-AMD-7.genome.CDS.1296,10.0
acIB-AMD-7.genome.CDS.1299,21.0
acIB-AMD-7.genome.CDS.1300,31.0
acIB-AMD-7.genome.CDS.1301,16.0
acIB-AMD-7.genome.CDS.1315,151.0
acIB-AMD-7.genome.CDS.1339,55.0
acIB-AMD-7.genome.CDS.1356,23.0
acIB-AMD-7.genome.CDS.1372,10.0
acIB-AMD-7.genome.CDS.1441,96.0
acIB-AMD-7.genome.CDS.1442,155.0
acIB-AMD-7.genome.CDS.1462,49.0
acIB-AMD-7.genome.CDS.1482,55.0
acIB-AMD-7.genome.CDS.1559,20.0
acIB-AMD-7.genome.CDS.1637,24.0
acIB-AMD-7.genome.CDS.1638,10.0
acIB-AMD-7.genome.CDS.1646,44.0
acIB-AMD-7.genome.CDS.1647,14.0
acIB-AMD-7.genome.CDS.1655,23.0
acIB-AMD-7.genome.CDS.1656,205.0
acIB-AMD-7.genome.CDS.1735,12.0
acIB-AMD-7.genome.CDS.1796,12.0
acIB-AMD-7.genome.CDS.1797,28.0
acIB-AMD-7.genome.CDS.1834,246.0
acIB-AMD-7.genome.CDS.1865,906.0
acIB-AMD-7.genome.CDS.1867,16.0
acIB-AMD-7.genome.CDS.1872,22.0
acIB-AMD-7.genome.CDS.1874,926.0
acIB-AMD-7.genome.CDS.1912,2123.0
acIB-AMD-7.genome.CDS.1919,11.0
acIB-AMD-7.genome.CDS.1924,11.0
acIB-AMD-7.genome.CDS.1950,53.0
acIB-AMD-7.genome.CDS.1951,15.0
acIB-AMD-7.genome.CDS.1983,13.0
